,id,width,depth,height,weight,volume
0,121958,367,270,186,3,18430740
1,671155,343,203,194,4,13508026
2,131932,242,157,92,97,3495448
3,365838,503,351,146,2,25776738
4,259178,359,200,183,6,13139400
5,644167,190,129,103,3,2524530
6,110268,323,248,298,30,23870992
7,732180,224,167,255,4,9539040
8,54886,346,258,219,2,19549692
9,137337,282,210,175,45,10363500
10,999890,398,270,236,2,25360560
11,521430,237,191,147,2,6654249
12,954698,301,239,157,54,11294423
13,87498,375,276,75,2,7762500
14,899159,364,206,322,2,24144848
15,912756,481,295,222,82,31500690
16,175203,297,149,105,2,4646565
17,191335,430,376,286,10,46240480
18,278167,360,311,101,229,11307960
19,41090,343,300,276,2,28400400
20,329365,454,317,152,2,21875536
21,64820,356,186,273,2,18076968
22,787201,320,210,186,163,12499200
23,321879,468,361,121,2,20442708
24,718315,317,225,124,4,8844300
25,327069,308,238,191,8,14001064
26,776997,371,245,200,2,18179000
27,199041,280,223,103,126,6431320
28,791743,409,279,222,3,25332642
29,103355,375,242,111,2,10073250
30,235796,455,164,157,2,11715340
31,214176,426,343,138,2,20164284
32,184779,277,223,166,10,10253986
33,347449,418,240,212,270,21267840
34,421909,276,214,126,38,7442064
35,989436,303,190,284,2,16349880
36,258795,328,185,284,3,17233120
37,486232,490,318,252,185,39266640
38,917040,327,250,93,2,7602750
39,500186,289,221,188,9,12007372
40,156730,478,339,176,13,28519392
41,870910,455,239,175,10,19030375
42,384681,1059,506,243,5,130212522
43,149503,409,430,133,13,23390710
44,654811,308,280,131,3,11297440
45,527035,497,387,131,644,25196409
46,648143,219,151,139,10,4596591
47,452366,445,319,333,7,47271015
48,65725,234,163,116,65,4424472
49,129981,166,131,68,2,1478728
50,84654,395,245,132,10,12774300
51,953277,248,179,146,2,6481232
52,905778,262,242,125,13,7925500
53,591723,373,202,170,312,12808820
54,319030,197,166,95,65,3106690
55,328947,244,187,137,7,6251036
56,555839,303,193,83,2,4853757
57,902648,347,304,202,2,21308576
58,273538,184,159,158,2,4622448
59,331236,165,141,122,552,2838330
60,528178,327,234,102,21,7804836
61,565894,306,230,130,13,9149400
62,489492,309,169,104,2,5430984
63,256840,348,240,118,18,9855360
64,473254,229,184,205,76,8637880
65,349457,297,249,129,2,9539937
66,665987,420,341,186,49,26638920
67,270936,349,257,81,2,7265133
68,239931,345,324,284,26,31745520
69,239629,272,185,144,75,7246080
70,205041,421,298,345,2,43283010
71,698361,397,249,221,5,21846513
72,731912,441,213,332,2,31185756
73,417113,339,230,129,19,10058130
74,68148,291,179,217,53,11303313
75,777089,308,240,181,2,13379520
76,648531,404,286,174,2,20104656
77,251995,324,198,267,2,17128584
78,906606,287,232,202,2,13449968
79,678843,446,348,143,122,22194744
80,910790,421,287,251,50,30327577
81,572843,263,180,164,5,7763760
82,256508,289,142,203,63,8330714
83,803591,273,167,78,34,3556098
84,896942,237,183,180,7,7806780
85,106530,514,240,280,4,34540800
86,604365,380,238,238,41,21524720
87,822352,434,279,167,3,20221362
88,460337,309,208,168,2,10797696
89,724839,554,311,187,98,32218978
90,805889,415,373,356,24,55107020
91,459773,350,252,155,4,13671000
92,208261,406,361,161,2,23597126
93,764469,307,183,138,2,7752978
94,341097,326,275,136,8,12192400
95,315139,337,219,147,17,10849041
96,171829,327,192,98,3,6152832
97,271836,211,159,126,2,4227174
98,438974,273,193,154,2,8114106
99,989913,221,171,178,4,6726798
100,202283,321,211,330,310,22351230
101,196769,372,205,107,4,8159820
102,561353,230,164,70,1009,2640400
103,223165,349,268,277,87,25908364
104,623587,224,197,153,9,6751584
105,950110,208,138,127,118,3645408
106,535822,303,174,192,2,10122624
107,487879,189,158,87,2,2597994
108,564685,338,271,189,20,17312022
109,782038,276,188,525,3,27241200
110,353531,271,226,177,31,10840542
111,263160,476,361,198,2,34023528
112,579879,337,213,156,2,11197836
113,220884,500,308,142,10,21868000
114,23247,333,285,106,33,10059930
115,24300,482,309,272,40,40511136
116,467281,498,356,280,26,49640640
117,607086,239,156,217,49,8090628
118,533556,310,179,431,12,23916190
119,348951,337,226,104,11,7920848
120,274329,253,129,176,56,5744112
121,719064,229,139,173,2,5506763
122,742139,371,182,144,2,9723168
123,432315,480,273,252,116,33022080
124,926075,416,334,149,2,20702656
125,516588,228,136,229,35,7100832
126,236584,343,200,266,26,18247600
127,562332,519,423,255,20,55981935
128,837646,322,156,221,2,11101272
129,978732,374,246,299,2,27509196
130,376896,509,253,527,2,67865479
131,48984,346,306,139,7,14716764
132,302918,280,198,166,3,9203040
133,264712,505,363,165,371,30246975
134,120151,418,323,178,2,24032492
135,455808,290,166,146,19,7028440
136,985067,596,383,70,7,15978760
137,133767,220,141,205,33,6359100
138,648663,197,171,125,2,4210875
139,703550,430,337,216,18,31300560
140,136330,285,233,306,16,20319930
141,480754,220,207,290,9,13206600
142,301648,259,173,184,2,8244488
143,688519,353,247,182,2,15868762
144,13986,341,246,183,17,15351138
145,586146,409,271,176,2,19507664
146,129312,257,208,146,21,7804576
147,12666,411,268,274,2,30180552
148,300804,428,361,328,5,50678624
149,134633,511,285,438,102,63788130
150,288998,201,166,170,3,5672220
151,850937,582,333,208,2,40311648
152,628776,474,279,129,2,17059734
153,707611,282,187,160,2,8437440
154,284806,352,220,112,5,8673280
155,794824,395,223,164,18,14445940
156,30535,195,176,65,7,2230800
157,996107,390,247,239,5,23022870
158,375713,370,298,216,2,23816160
159,838688,253,165,247,7,10311015
160,351279,333,190,134,8,8478180
161,913910,342,244,237,4,19777176
162,821654,547,378,175,14,36184050
163,601661,444,271,200,26,24064800
164,997079,253,181,310,5,14195830
165,647972,476,326,162,2,25138512
166,489570,299,211,107,2,6750523
167,456551,350,225,114,3,8977500
168,273109,475,378,172,4,30882600
169,24538,363,258,192,5,17981568
170,894498,370,271,133,24,13335910
171,201664,344,302,179,2,18595952
172,491234,464,369,281,17,48111696
173,899684,308,243,124,25,9280656
174,139182,279,206,167,13,9598158
175,472525,422,245,356,90,36806840
176,158338,604,457,345,2,95229660
177,184064,333,264,165,2,14505480
178,214020,393,335,157,2,20669835
179,623094,294,211,150,2,9305100
180,924414,366,162,279,17,16542468
181,897421,480,286,130,4,17846400
182,615270,340,246,166,33,13884240
183,645914,153,123,157,38,2954583
184,119176,505,374,181,61,34185470
185,917710,550,376,173,2,35776400
186,218126,224,176,257,57,10131968
187,218969,276,200,207,4,11426400
188,122409,492,231,329,3,37391508
189,547707,351,256,235,9,21116160
190,968140,292,219,158,88,10103784
191,253618,713,482,295,3,101381470
192,769598,226,138,119,88,3711372
193,50015,312,230,288,24,20666880
194,772838,342,172,140,12,8235360
195,122096,559,368,216,2,44433792
196,631347,356,283,147,2,14809956
197,185340,466,275,205,46,26270750
198,110687,383,305,177,18,20676255
199,874371,337,193,92,110,5983772
200,411357,233,165,108,5,4152060
201,735716,484,420,181,31,36793680
202,105878,428,380,187,5,30413680
203,727270,288,228,132,4,8667648
204,973548,412,198,187,90,15254712
205,198286,192,131,208,2,5231616
206,773290,211,147,116,2,3597972
207,774684,547,413,213,2,48119043
208,164899,518,277,155,2,22240330
209,973324,328,172,111,3,6262176
210,324767,280,210,149,20,8761200
211,999238,500,377,168,2,31668000
212,861882,351,297,123,2,12822381
213,879858,319,169,234,2,12615174
214,379989,421,364,187,27,28656628
215,415515,352,302,129,51,13713216
216,43585,458,278,161,7,20499164
217,371369,313,210,201,2,13211730
218,64044,334,192,142,2,9106176
219,960061,164,156,148,2,3786432
220,442296,366,199,134,2,9759756
221,109556,252,173,335,2,14604660
222,526981,155,126,269,2,5253570
223,881691,288,168,527,28,25498368
224,767595,204,137,354,2,9893592
225,200235,283,209,70,10,4140290
226,25939,277,179,109,44,5404547
227,966429,615,320,135,2,26568000
228,960445,297,238,75,10,5301450
229,152906,220,160,158,127,5561600
230,542335,367,229,98,2,8236214
231,288249,460,299,264,2,36310560
232,75766,395,265,229,2,23970575
233,408923,280,187,205,11,10733800
234,415192,387,295,242,23,27627930
235,568550,243,181,92,6,4046436
236,387261,506,425,140,2,30107000
237,810208,431,338,144,2,20977632
238,685440,399,293,228,8,26654796
239,652664,509,313,186,2,29632962
240,984346,338,153,190,2,9825660
241,454589,259,201,118,2,6142962
242,137848,285,203,359,2,20769945
243,617075,193,123,138,14,3275982
244,127948,268,181,325,3,15765100
245,579304,162,87,181,13,2551014
246,402690,502,369,341,312,63166158
247,499046,375,223,229,4,19150125
248,451269,290,186,97,2,5232180
249,21959,409,140,177,3,10135020
250,660890,200,166,233,65,7735600
251,750216,634,435,247,3,68120130
252,905533,289,170,453,17,22255890
253,790180,253,261,87,2,5744871
254,228576,277,180,168,2,8376480
255,537833,384,211,133,45,10776192
256,914091,311,177,184,2,10128648
257,983703,244,163,82,2,3261304
258,165838,328,199,243,121,15861096
259,335674,297,246,160,68,11689920
260,879989,427,255,101,4,10997385
261,61087,343,200,117,468,8026200
262,593128,400,197,157,2,12371600
263,118451,331,334,131,2490,14482574
264,447600,325,176,257,5,14700400
265,837437,419,313,129,28,16917963
266,439792,300,147,138,10,6085800
267,39353,333,121,260,2,10476180
268,193075,291,218,160,2,10150080
269,214283,444,389,128,11,22107648
270,314877,525,284,121,16,18041100
271,65318,219,146,134,2,4284516
272,765313,277,128,74,13,2623744
273,482690,313,192,197,2,11838912
274,416880,292,205,244,12,14605840
275,591460,305,211,110,2,7079050
276,740976,177,142,128,30,3217152
277,781239,233,160,84,2,3131520
278,93264,309,239,156,50,11520756
279,770746,312,218,171,16,11630736
280,813168,376,325,197,9,24073400
281,225281,265,149,214,2,8449790
282,637147,356,284,170,13,17187680
283,898613,361,272,289,39,28377488
284,394070,235,187,223,20,9799735
285,352228,452,317,220,4,31522480
286,431839,433,299,207,2,26799669
287,269536,246,209,202,2,10385628
288,317824,284,206,110,38,6435440
289,257426,202,139,124,4,3481672
290,177789,365,223,155,2,12616225
291,513153,267,239,116,2,7402308
292,742452,367,282,228,17,23596632
293,837291,309,253,186,124,14540922
294,125657,373,270,115,69,11581650
295,235167,450,300,369,4,49815000
296,681669,470,328,136,2,20965760
297,480671,598,296,235,43,41596880
298,719094,463,265,248,6,30428360
299,70467,381,208,137,2,10856976
300,183734,417,263,380,2,41674980
301,622794,275,211,294,391,17059350
302,109751,330,219,132,2,9539640
303,381050,359,286,186,60,19097364
304,930192,350,317,292,2,32397400
305,811774,427,259,192,2,21233856
306,692517,292,138,161,51,6487656
307,461079,191,148,87,3,2459316
308,368452,347,284,134,10,13205432
309,969587,257,150,115,2,4433250
310,106081,235,138,138,2,4475340
311,983237,292,174,189,16,9602712
312,613333,271,175,359,7,17025575
313,558986,315,203,113,21,7225785
314,110078,367,262,84,14,8076936
315,867055,205,164,154,27,5177480
316,22671,270,167,237,5,10686330
317,418400,388,165,197,2,12611940
318,355528,378,313,176,7,20823264
319,959611,294,232,185,16,12618480
320,610490,401,299,169,2,20262931
321,51663,328,201,184,21,12130752
322,15708,461,253,213,2,24842829
323,878338,448,348,172,246,26815488
324,311955,336,148,193,5,9597504
325,133883,292,243,143,5,10146708
326,318394,381,260,67,2,6637020
327,112547,159,108,95,17,1631340
328,989586,552,318,147,4,25803792
329,910681,236,142,274,16,9182288
330,559042,337,247,185,935,15399215
331,751102,227,163,128,9,4736128
332,762002,483,212,139,2,14233044
333,142483,589,429,130,3,32848530
334,658271,245,189,111,43,5139855
335,984774,185,93,184,7,3165720
336,214835,341,241,247,3,20298707
337,401896,346,192,123,24,8171136
338,84896,286,169,171,18,8265114
339,477095,581,348,110,3,22240680
340,71295,530,166,165,117,14516700
341,743974,188,165,111,2,3443220
342,887121,531,310,310,58,51029100
343,273255,329,266,229,5,20040706
344,299648,538,200,254,6,27330400
345,657162,289,204,186,2,10965816
346,8155,1026,617,273,7,172820466
347,466872,389,342,429,10,57073302
348,825816,334,193,128,5,8251136
349,374705,484,170,368,2,30279040
350,571542,442,316,251,18,35057672
351,808350,402,357,199,24,28559286
352,610269,379,174,158,5,10419468
353,978217,483,373,164,2,29546076
354,554594,515,377,155,2,30094025
355,147718,478,254,176,62,21368512
356,308987,638,385,250,73,61407500
357,645263,313,191,141,2,8429403
358,358745,188,121,321,97,7302108
359,107512,472,270,78,2,9940320
360,147443,404,241,126,9,12267864
361,470587,356,277,141,26,13904292
362,373616,361,238,299,2,25689482
363,657409,310,230,100,115,7130000
364,686976,286,189,215,22,11621610
365,365871,545,344,105,5,19685400
366,375037,486,260,238,51,30073680
367,807364,304,176,235,2,12573440
368,117796,299,199,273,4,16243773
369,291999,383,299,188,346,21529196
370,192506,435,303,155,6,20429775
371,990198,349,223,206,10,16032362
372,698376,394,244,156,2,14997216
373,269544,445,329,152,185,22253560
374,380002,521,293,232,2,35415496
375,698002,373,248,189,12,17483256
376,539439,355,305,241,15,26094275
377,968911,408,223,146,7,13283664
378,590978,414,243,241,82,24245082
379,528787,424,270,196,10,22438080
380,530583,539,391,175,7,36881075
381,907317,330,287,181,14,17142510
382,388215,363,195,144,3,10193040
383,321184,589,322,128,702,24276224
384,798615,301,186,167,9,9349662
385,422515,277,217,167,14,10038203
386,668234,247,182,312,2,14025648
387,378480,147,117,95,2,1633905
388,32711,467,262,235,14,28753190
389,791971,371,266,233,5,22993838
390,501157,271,189,167,4,8553573
391,184423,338,187,128,2,8090368
392,978771,271,205,223,3,12388765
393,516349,400,277,224,2,24819200
394,703714,455,215,320,121,31304000
395,912495,391,245,132,28,12644940
396,657917,593,404,333,2,79777476
397,824792,495,346,240,4,41104800
398,737378,328,189,164,23,10166688
399,133272,218,144,120,115,3767040
400,767836,367,207,110,2,8356590
401,986001,485,315,211,11,32235525
402,702335,524,341,137,12,24479708
403,807789,393,335,157,2,20669835
404,643409,502,347,214,2,37277516
405,77505,357,174,200,2,12423600
406,2869,509,339,120,146,20706120
407,781474,269,161,139,2,6019951
408,454351,243,171,202,18,8393706
409,312252,271,212,108,59,6204816
410,636584,267,204,128,20,6971904
411,618467,289,187,127,19,6863461
412,90272,518,343,221,6,39265954
413,38467,333,216,69,2,4963032
414,809760,260,241,155,3,9712300
415,877844,322,145,161,57,7517090
416,480047,598,332,224,3,44472064
417,659347,266,163,223,13,9668834
418,58871,460,257,215,2,25417300
419,939903,299,231,183,6,12639627
420,128391,656,356,153,2,35731008
421,439430,365,259,201,2,19001535
422,610704,242,164,286,62,11350768
423,856703,448,277,178,128,22089088
424,830496,194,116,253,6,5693512
425,256687,420,297,225,14,28066500
426,725451,309,216,360,47,24027840
427,107450,242,143,217,7,7509502
428,171890,344,210,310,2,22394400
429,438741,404,240,147,2,14253120
430,281974,343,213,122,12,8913198
431,934933,212,181,138,2,5295336
432,400109,338,148,371,36,18558904
433,116381,437,305,231,2,30788835
434,473125,469,362,115,667,19524470
435,571621,289,190,107,134,5875370
436,134508,391,238,239,7,22240862
437,729650,333,245,112,425,9137520
438,862645,241,176,217,2,9204272
439,399111,427,363,259,132,40145259
440,150810,420,266,286,13,31951920
441,292890,213,144,117,2,3588624
442,573665,465,237,184,8,20277720
443,965908,319,232,208,10,15393664
444,840477,193,128,162,770,4002048
445,360032,336,311,269,2,28109424
446,957294,378,286,121,24,13081068
447,369599,430,270,231,5,26819100
448,660960,444,248,200,2,22022400
449,750020,309,234,208,2,15039648
450,879611,385,206,186,19,14751660
451,171836,370,226,167,4,13964540
452,729903,280,190,207,2,11012400
453,45714,509,400,112,18,22803200
454,974339,192,114,112,2,2451456
455,627234,203,129,126,7,3299562
456,896048,325,334,476,2,51669800
457,630271,352,244,87,2,7472256
458,466960,776,387,204,23,61263648
459,711851,325,244,193,2,15304900
460,124123,467,360,200,2,33624000
461,936093,309,213,211,2,13887387
462,305628,286,224,196,9,12556544
463,82989,340,238,173,21,13999160
464,298356,322,308,107,2,10611832
465,829957,337,234,225,2,17743050
466,178274,450,306,245,2,33736500
467,687995,435,323,181,14,25431405
468,325352,416,344,406,2,58100224
469,820260,586,357,137,24,28660674
470,411927,566,371,187,2,39267382
471,789852,413,265,153,25,16745085
472,883184,285,223,91,6,5783505
473,131373,435,337,164,2,24041580
474,438452,295,193,159,6,9052665
475,115294,425,247,480,2,50388000
476,459451,279,225,78,17,4896450
477,971744,334,244,111,174,9046056
478,648307,208,157,239,4,7804784
479,65726,456,237,181,9,19561032
480,141564,221,156,143,2,4930068
481,377812,203,170,159,3,5487090
482,268246,281,230,295,9,19065850
483,705696,591,271,193,4,30911073
484,118015,505,318,129,4,20716110
485,740674,476,361,95,18,16324420
486,254079,294,243,153,38,10930626
487,550929,318,215,225,2,15383250
488,689944,401,303,195,6,23693085
489,688105,175,126,107,10,2359350
490,513758,451,351,103,2,16305003
491,940597,277,197,197,2,10750093
492,983609,518,382,249,2490,49271124
493,365890,263,166,189,5,8251362
494,445101,296,210,232,2,14421120
495,36631,331,142,170,42,7990340
496,766577,297,202,117,2,7019298
497,72991,383,240,227,2,20865840
498,4014,342,296,167,2,16905744
499,273237,303,164,256,2,12721152
500,18070,332,242,209,2,16791896
501,822209,328,249,178,3,14537616
502,56958,381,279,141,2,14988159
503,82074,378,233,123,94,10833102
504,535017,346,187,191,16,12358082
505,755073,238,144,185,2,6340320
506,176089,340,172,309,46,18070320
507,197392,288,166,94,3,4493952
508,158823,393,254,147,2,14673834
509,630152,469,242,164,3,18613672
510,393002,313,180,98,2,5521320
511,733429,213,219,179,2,8349813
512,498863,385,195,123,70,9234225
513,367654,421,278,227,11,26567626
514,579036,434,283,166,20,20388452
515,530089,386,273,224,63,23604672
516,150262,406,237,180,24,17319960
517,442905,384,257,207,2,20428416
518,235362,422,353,298,17,44391868
519,444209,326,229,241,5,17991614
520,553880,404,237,212,63,20298576
521,797079,377,271,126,23,12873042
522,664076,266,237,95,2,5988990
523,219963,188,143,191,21,5134844
524,480761,311,192,207,32,12360384
525,248710,266,187,156,2,7759752
526,220984,251,136,178,2,6076208
527,897059,652,312,199,2,40481376
528,856748,376,252,220,2,20845440
529,782355,496,316,75,20,11755200
530,264512,374,237,251,50,22248138
531,601863,345,274,158,125,14935740
532,268799,274,212,204,32,11849952
533,237549,362,317,143,85,16409822
534,594319,293,211,109,54,6738707
535,993933,506,311,221,70,34777886
536,484299,296,208,179,44,11020672
537,612210,175,121,78,35,1651650
538,448982,414,285,96,2086,11327040
539,124046,458,316,74,10,10709872
540,406619,457,180,205,67,16863300
541,32097,415,311,113,3,14584345
542,996161,294,208,215,2,13147680
543,666326,272,221,398,2,23924576
544,649150,383,327,154,22,19287114
545,230229,261,156,138,21,5618808
546,118834,262,208,149,28,8119904
547,93848,476,300,221,89,31558800
548,52921,383,210,189,15,15201270
549,705086,432,339,162,2,23724576
550,650429,279,205,139,16,7950105
551,705660,399,216,138,12,11893392
552,284821,218,176,301,627,11548768
553,55609,233,232,56,2,3027136
554,227897,292,218,192,7,12221952
555,974165,314,245,253,82,19463290
556,31024,473,272,143,2,18397808
557,70313,409,242,337,35,33355586
558,389957,319,268,137,2,11712404
559,184078,360,241,138,2,11972880
560,357429,335,208,141,2,9824880
561,932842,263,147,207,238,8002827
562,461243,265,209,294,20,16283190
563,113632,364,244,156,23,13855296
564,997639,325,160,155,2,8060000
565,937012,280,185,296,2,15332800
566,251451,349,230,145,8,11639150
567,3051,266,172,104,908,4758208
568,704107,646,378,419,2,102314772
569,376836,354,197,286,5,19945068
570,611523,365,246,111,2,9966690
571,971525,501,388,126,144,24492888
572,721772,313,261,154,26,12580722
573,189407,219,137,381,2,11431143
574,449395,295,242,183,2,13064370
575,949597,476,271,158,28,20381368
576,462894,316,312,152,28,14985984
577,211810,199,188,156,5,5836272
578,957238,173,162,219,57,6137694
579,727975,391,182,96,4,6831552
580,73523,290,270,115,2,9004500
581,760463,189,191,139,2,5017761
582,94476,374,267,208,18,20770464
583,233841,395,227,162,2,14525730
584,803451,242,145,185,51,6491650
585,870045,222,191,126,2,5342652
586,222866,378,349,126,135,16622172
587,86672,237,183,143,9,6202053
588,598135,311,171,210,7,11168010
589,344894,361,207,296,4,22119192
590,734994,240,168,173,2,6975360
591,28251,367,291,290,3,30971130
592,627769,399,219,212,2,18524772
593,374710,331,133,399,24,17565177
594,550233,361,293,230,10,24327790
595,877284,256,193,174,14,8596992
596,32217,254,132,328,2,10997184
597,8308,349,180,332,10,20856240
598,268093,391,253,318,35,31457514
599,183062,341,224,218,2,16651712
600,394366,353,259,194,2,17736838
601,744840,291,227,185,62,12220545
602,100235,422,224,157,2,14840896
603,74740,437,250,153,97,16715250
604,378496,643,438,171,23,48159414
605,853049,312,210,158,3,10352160
606,750201,321,149,328,2,15687912
607,803328,299,160,196,23,9376640
608,917230,330,300,202,2,19998000
609,177247,358,219,149,32,11681898
610,663165,293,194,282,5,16029444
611,529525,321,196,254,2,15980664
612,20056,223,153,242,13,8256798
613,176615,387,289,158,329,17671194
614,187628,176,133,79,12,1849232
615,638836,311,203,196,6,12374068
616,373632,312,232,87,2,6297408
617,134415,209,185,204,3,7887660
618,406716,411,185,157,18,11937495
619,446438,319,204,235,5,15292860
620,553663,246,168,109,9,4504752
621,665022,304,180,124,66,6785280
622,541252,334,213,145,9,10315590
623,637717,205,158,74,2,2396860
624,252764,248,143,178,462,6312592
625,714998,153,142,115,2,2498490
626,466882,266,171,210,23,9552060
627,740427,378,248,408,11,38247552
628,512153,488,268,182,2,23802688
629,67215,258,222,241,312,13803516
630,855474,433,316,184,128,25176352
631,144356,373,242,111,254,10019526
632,203861,451,334,269,2,40520546
633,355612,298,193,242,19,13918388
634,454605,353,200,195,10,13767000
635,9435,201,174,73,136,2553102
636,447556,245,149,201,17,7337505
637,699438,368,288,212,2,22468608
638,865264,335,273,387,2,35393085
639,575581,327,211,114,33,7865658
640,78781,332,277,236,2,21703504
641,191475,362,237,203,66,17416182
642,160196,308,187,163,8,9388148
643,226507,254,158,480,94,19263360
644,306063,388,250,142,68,13774000
645,764121,220,182,219,2,8768760
646,776665,334,211,111,2,7822614
647,690607,351,184,160,2,10333440
648,121172,488,347,215,2,36407240
649,356902,385,227,174,30,15206730
650,484963,293,236,210,2,14521080
651,455968,541,237,325,17,41670525
652,318717,194,134,99,10,2573604
653,59101,513,372,270,33,51525720
654,495972,342,258,150,2,13235400
655,288790,204,176,267,65,9586368
656,890617,311,223,240,2,16644720
657,547337,308,185,94,69,5356120
658,734965,393,258,163,9,16527222
659,360260,319,188,154,119,9235688
660,883811,293,239,211,17,14775697
661,592673,505,463,121,192,28291615
662,650419,438,212,190,27,17642640
663,433374,302,215,67,2,4350310
664,720777,409,292,199,3,23766172
665,547577,204,157,142,8,4547976
666,372370,366,233,117,18,9977526
667,887225,381,220,159,132,13327380
668,271967,254,169,132,77,5666232
669,191232,270,161,141,3,6129270
670,304119,339,291,138,21,13613562
671,9540,387,239,92,19,8509356
672,540652,276,172,189,11,8972208
673,397827,292,265,184,2,14237920
674,551951,365,207,170,208,12844350
675,51991,299,250,115,49,8596250
676,188751,332,224,144,19,10708992
677,366326,314,227,118,6,8410804
678,686337,263,249,146,27,9561102
679,618992,221,177,293,2,11461281
680,49115,518,365,173,2,32709110
681,353151,455,245,266,10,29652350
682,743583,362,275,114,35,11348700
683,191962,269,184,121,10,5989016
684,721747,319,224,125,13,8932000
685,149143,448,304,126,2,17160192
686,714635,302,155,200,187,9362000
687,989873,394,322,175,4,22201900
688,536226,231,161,235,2,8739885
689,952699,330,186,278,5,17063640
690,353824,348,203,182,107,12857208
691,4000,554,445,219,2,53990070
692,725948,479,296,209,12,29632856
693,887474,440,358,334,2,52611680
694,355754,343,197,125,13,8446375
695,251492,298,186,142,2,7870776
696,890123,429,232,265,75,26374920
697,499522,330,310,187,25,19130100
698,491072,504,322,129,201,20935152
699,38304,459,305,218,34,30518910
700,504999,550,396,224,3,48787200
701,331593,341,254,138,14,11952732
702,607274,351,256,151,7,13568256
703,151836,201,138,157,2,4354866
704,108940,342,322,202,8,22245048
705,824926,305,226,147,6,10132710
706,265517,142,125,202,4,3585500
707,667521,326,226,249,6,18345324
708,621820,330,160,263,324,13886400
709,879090,198,164,148,27,4805856
710,385777,321,266,132,2,11270952
711,624674,261,207,84,36,4538268
712,551638,413,375,166,2,25709250
713,617296,334,285,163,4,15515970
714,880729,350,246,390,20,33579000
715,549639,366,207,112,195,8485344
716,612956,370,214,225,2,17815500
717,638873,357,184,255,12,16750440
718,932809,416,209,256,2,22257664
719,337497,263,159,194,2,8112498
720,207869,268,163,104,3,4543136
721,65953,283,167,140,8,6616540
722,843890,349,180,316,2,19851120
723,500328,645,440,135,2,38313000
724,806790,397,205,209,3,17009465
725,3267,304,233,188,8,13316416
726,82745,196,124,113,77,2746352
727,876020,166,120,229,8,4561680
728,824945,398,327,171,2,22254966
729,157164,315,214,177,2,11931570
730,535626,349,224,219,26,17120544
731,131484,273,248,132,80,8936928
732,531831,202,130,128,11,3361280
733,892323,295,240,195,2,13806000
734,951000,302,293,156,8,13803816
735,60692,422,231,159,2,15499638
736,220156,397,300,139,27,16554900
737,223992,231,206,130,85,6186180
738,516771,335,232,52,168,4041440
739,830857,452,322,326,2,47447344
740,563044,275,245,125,5,8421875
741,543176,456,297,140,26,18960480
742,691095,339,285,189,1760,18260235
743,833727,354,322,211,30,24051468
744,114352,210,133,135,4,3770550
745,869474,363,293,136,8,14464824
746,85999,288,179,96,10,4948992
747,17955,418,353,249,54,36740946
748,824273,330,198,142,3,9278280
749,70640,325,241,226,2,17701450
750,196582,352,249,201,20,17617248
751,952415,290,276,248,2,19849920
752,976535,661,389,261,52,67110669
753,744086,190,117,142,12,3156660
754,400573,296,230,224,2,15249920
755,425695,713,398,176,2,49944224
756,61476,311,197,209,6,12804803
757,306955,275,152,110,33,4598000
758,167280,225,168,178,6,6728400
759,675510,517,386,269,2,53682178
760,595468,417,353,143,2,21049743
761,698646,226,193,136,2,5932048
762,637144,346,203,207,5,14539266
763,854882,260,131,264,2,8991840
764,414568,301,204,244,16,14982576
765,186141,402,290,138,25,16088040
766,898320,440,289,164,2,20854240
767,634736,292,233,111,7,7551996
768,538685,249,200,83,2,4133400
769,959059,179,163,185,65,5397745
770,178031,243,130,257,186,8118630
771,918232,406,223,208,91,18831904
772,968021,376,209,93,40,7308312
773,119180,377,286,197,366,21240934
774,66234,229,175,87,2,3486525
775,564242,479,239,295,33,33771895
776,178352,293,251,153,2,11252079
777,79459,175,86,221,13,3326050
778,409995,259,231,205,18,12264945
779,195004,402,268,167,7,17991912
780,466152,493,256,159,2,20067072
781,941970,349,312,247,4,26895336
782,954443,324,214,113,4,7834968
783,725256,314,223,147,26,10293234
784,952774,271,229,124,29,7695316
785,59163,307,293,117,32,10524267
786,475853,395,292,144,2,16608960
787,51934,606,331,159,2,31893174
788,720255,467,392,159,55,29107176
789,425523,258,179,293,276,13531326
790,840530,361,200,137,6,9891400
791,454137,209,177,156,2,5770908
792,5486,357,222,96,74,7608384
793,139407,252,144,219,2,7947072
794,873332,485,289,118,26,16539470
795,650308,489,317,159,36,24647067
796,627083,312,224,216,20,15095808
797,220184,333,256,158,295,13469184
798,666490,310,201,142,6,8848020
799,349652,344,316,113,2,12283552
800,761315,285,181,118,4,6087030
801,642612,216,164,50,2,1771200
802,322710,657,296,193,2,37533096
803,197775,294,270,192,23,15240960
804,289336,381,158,133,4,8006334
805,787494,259,135,145,5,5069925
806,608364,281,191,308,4,16530668
807,89780,204,161,240,2,7882560
808,152617,359,155,138,48,7679010
809,545977,462,361,138,8,23015916
810,797606,264,219,166,2,9597456
811,350605,471,250,157,2,18486750
812,912606,391,268,354,3,37094952
813,889465,573,246,154,2,21707532
814,533636,387,176,220,36,14984640
815,941218,270,193,280,285,14590800
816,38102,255,192,286,58,14002560
817,74460,330,328,123,20,13313520
818,364778,241,186,156,2,6992856
819,89930,183,123,121,4,2723589
820,531089,276,142,349,16,13678008
821,627438,473,331,204,24,31938852
822,727627,348,305,252,2,26747280
823,179208,283,176,209,3,10409872
824,154697,438,323,331,48,46827894
825,213945,302,278,181,19,15196036
826,231915,497,348,176,73,30440256
827,727952,305,301,179,2,16433095
828,208124,177,138,108,15,2638008
829,437477,319,304,235,2,22789360
830,525830,270,184,134,127,6657120
831,283821,506,408,188,502,38812224
832,177804,298,213,139,58,8822886
833,705703,298,224,120,6,8010240
834,39081,458,358,161,2,26398204
835,718216,231,141,162,2,5276502
836,355249,327,281,139,2,12772293
837,219930,254,228,252,14,14593824
838,805497,297,185,205,2,11263725
839,517313,219,153,190,2,6366330
840,214532,358,267,111,2,10610046
841,612380,333,180,176,12,10549440
842,519332,339,230,145,45,11305650
843,316837,283,220,129,2,8031540
844,289106,308,209,119,2,7660268
845,28295,415,257,168,2,17918040
846,13807,422,312,427,2,56220528
847,435564,308,214,174,2,11468688
848,157504,205,110,240,77,5412000
849,238067,267,183,113,6,5521293
850,485008,298,254,86,3,6509512
851,975358,350,293,339,34,34764450
852,957766,249,175,104,12,4531800
853,692440,302,217,149,2,9764566
854,394540,180,107,337,23,6490620
855,877699,317,263,164,2,13672844
856,517923,389,220,303,2,25930740
857,166981,322,194,252,2,15741936
858,744699,253,209,102,55,5393454
859,19870,619,324,307,2,61570692
860,952082,326,267,325,10,28288650
861,203196,378,259,190,32,18601380
862,248683,233,166,126,18,4873428
863,234677,300,227,134,2,9125400
864,26790,362,163,355,2,20947130
865,643162,479,367,164,6,28830052
866,811721,235,138,175,2,5675250
867,448345,326,178,89,8,5164492
868,749074,225,150,87,2,2936250
869,487462,462,213,241,2,23715846
870,539773,311,202,168,2,10554096
871,830914,309,187,96,2,5547168
872,86188,336,255,156,2,13366080
873,529036,212,197,329,50,13740356
874,742129,403,252,337,6,34224372
875,664795,387,236,178,65,16257096
876,790141,335,293,157,32,15410335
877,648249,381,196,177,77,13217652
878,30355,282,215,179,46,10852770
879,711131,330,183,187,2,11292930
880,451015,296,196,165,26,9572640
881,406332,379,198,129,71,9680418
882,156542,402,303,253,3,30816918
883,173416,392,408,299,5,47820864
884,305062,286,191,117,2,6391242
885,838656,263,243,193,48,12334437
886,563586,369,266,140,4,13741560
887,501708,359,239,257,14,22050857
888,866651,312,170,176,142,9335040
889,61629,188,121,321,97,7302108
890,328184,288,197,78,11,4425408
891,492734,372,284,156,5,16481088
892,755195,298,236,168,4,11815104
893,290160,689,564,101,31,39248196
894,548248,368,308,158,4,17908352
895,820023,269,197,193,2,10227649
896,213920,329,266,204,3,17852856
897,889765,385,259,119,54,11866085
898,242804,458,315,227,17,32749290
899,376965,255,191,402,2,19579410
900,460857,475,286,232,5,31517200
901,822827,393,229,132,7,11879604
902,504492,393,204,171,14,13709412
903,653983,473,483,204,2,46605636
904,415916,328,243,251,15,20005704
905,821052,379,286,175,36,18968950
906,758574,494,368,299,3,54355808
907,128148,405,245,217,8,21531825
908,806991,268,162,112,26,4862592
909,486261,224,138,143,3,4420416
910,355540,394,278,103,13,11281796
911,192714,354,257,203,5,18468534
912,731899,374,201,95,30,7141530
913,283876,362,300,163,3,17701800
914,259747,359,312,90,2,10080720
915,615650,410,307,225,19,28320750
916,423570,221,141,131,2,4082091
917,275987,219,171,270,2,10111230
918,638353,291,195,232,2,13164840
919,858158,506,284,276,2,39662304
920,17640,396,281,118,2,13130568
921,52528,433,330,104,232,14860560
922,824845,395,251,191,3,18936695
923,259214,221,184,122,2,4961008
924,839070,633,454,171,2,49142322
925,970240,354,305,161,2,17383170
926,501108,327,202,232,3,15324528
927,634421,324,250,174,2,14094000
928,368501,317,280,203,56,18018280
929,724226,728,466,141,14,47833968
930,150159,317,267,105,76,8887095
931,172502,377,232,214,24,18717296
932,155576,278,258,68,2,4877232
933,924618,278,218,171,25,10363284
934,865291,305,211,105,9,6757275
935,886089,629,388,202,5,49298504
936,928479,172,113,191,2,3712276
937,11023,187,138,148,21,3819288
938,545735,271,204,210,17,11609640
939,388043,566,478,153,2,41393844
940,286103,252,180,209,2,9480240
941,66203,328,216,106,22,7509888
942,905588,421,291,175,54,21439425
943,160775,278,194,173,2,9330236
944,9337,261,158,263,706,10845594
945,570715,301,207,201,81,12523707
946,514723,320,254,85,2,6908800
947,323673,398,247,85,209,8356010
948,364167,377,252,94,2,8930376
949,346809,256,192,119,3,5849088
950,630075,739,500,157,6,58011500
951,687281,230,167,181,7,6952210
952,295451,212,147,133,4,4144812
953,420571,480,321,174,35,26809920
954,127016,339,283,163,2,15637731
955,791267,249,236,242,8,14220888
956,544447,372,265,178,13,17547240
957,497562,386,239,239,2,22048706
958,702965,294,138,276,80,11197872
959,383934,402,321,283,2,36518886
960,892048,389,295,343,2,39360965
961,955592,313,215,224,2,15074080
962,865184,290,234,176,5,11943360
963,317428,264,189,135,2,6735960
964,319187,410,303,185,89,22982550
965,690907,310,245,84,12,6379800
966,883439,774,472,180,3,65759040
967,82844,216,136,113,88,3319488
968,551820,349,261,287,2,26142543
969,165421,279,243,142,2,9627174
970,122402,385,252,181,80,17560620
971,118012,320,185,268,2,15865600
972,438661,535,378,212,2,42872760
973,398929,269,183,97,45,4775019
974,580466,340,212,306,846,22056480
975,573695,448,313,169,2,23697856
976,463556,227,172,76,7,2967344
977,575278,385,279,221,7,23738715
978,993176,205,169,154,35,5335330
979,129473,234,169,84,2,3321864
980,983049,329,308,258,9,26143656
981,478007,470,298,119,2,16667140
982,844573,500,443,220,1534,48730000
983,417009,447,325,181,2,26294775
984,318714,255,179,82,20,3742890
985,226156,236,135,129,19,4109940
986,168964,494,310,283,21,43338620
987,525303,325,261,239,195,20273175
988,61813,386,212,259,39,21194488
989,27712,359,266,131,26,12509714
990,624785,390,236,155,2,14266200
991,925919,370,231,295,2,25213650
992,767214,483,298,286,2,41165124
993,112816,236,145,191,2,6536020
994,128778,340,212,101,156,7280080
995,586580,267,253,149,2,10065099
996,285977,364,193,185,16,12996620
997,135230,321,163,204,3,10673892
998,718040,248,201,118,4,5882064
999,806741,336,232,166,73,12940032
1000,269114,588,362,161,4,34269816
1001,334618,416,271,199,2,22434464
1002,832972,293,166,118,2,5739284
1003,151456,503,386,169,36,32812702
1004,804449,526,384,504,4,101799936
1005,862312,217,144,73,27,2281104
1006,105570,386,232,202,195,18089504
1007,270846,220,110,227,6,5493400
1008,917888,485,275,145,2,19339375
1009,404,290,162,253,36,11885940
1010,958447,341,265,253,11,22862345
1011,703286,383,213,159,115,12971061
1012,946693,622,412,289,23,74060296
1013,274907,471,342,151,2,24323382
1014,673744,775,445,156,40,53800500
1015,715460,176,137,143,2,3448016
1016,884574,259,149,217,30,8374247
1017,665220,318,242,234,2,18007704
1018,235365,301,193,178,62,10340554
1019,342786,330,193,308,50,19616520
1020,50612,415,239,193,18,19142705
1021,810006,233,201,283,2,13253739
1022,809956,500,364,103,2,18746000
1023,200244,484,378,295,103,53970840
1024,797348,215,183,157,2,6177165
1025,4809,444,314,101,9,14081016
1026,163273,293,219,142,131,9111714
1027,708690,280,171,164,12,7852320
1028,144528,455,394,101,2,18106270
1029,506964,370,279,226,3,23329980
1030,449613,499,425,259,596,54927425
1031,907720,523,425,173,2,38453575
1032,38765,290,138,284,5,11365680
1033,952320,310,241,81,2,6051510
1034,831538,296,177,194,47,10164048
1035,316076,374,309,119,2,13752354
1036,934604,223,172,233,2,8936948
1037,843523,365,206,448,21,33685120
1038,546237,246,234,142,4,8174088
1039,201152,412,343,130,4,18371080
1040,299888,221,178,383,107,15066454
1041,700903,375,259,289,64,28069125
1042,894751,224,212,98,61,4653824
1043,92193,324,265,118,2,10131480
1044,36187,301,128,149,203,5740672
1045,505950,402,359,126,5,18184068
1046,138311,455,317,126,39,18173610
1047,910886,197,138,157,2,4268202
1048,800921,381,256,132,2,12874752
1049,508153,291,167,142,258,6900774
1050,189089,314,244,299,21,22908184
1051,586165,236,216,67,2,3415392
1052,436341,204,147,118,2,3538584
1053,312066,387,259,107,41,10724931
1054,618362,323,286,143,13,13210054
1055,687409,453,388,192,2,33746688
1056,561419,408,200,127,4,10363200
1057,960448,383,242,137,11,12697982
1058,640053,387,357,289,5,39927951
1059,860395,206,167,90,2,3096180
1060,631172,711,414,373,2,109794042
1061,125917,411,269,172,2,19016148
1062,810717,241,199,162,25,7769358
1063,299770,339,223,130,22,9827610
1064,698168,333,176,129,11,7560432
1065,481680,310,271,153,62,12853530
1066,971375,194,149,150,7,4335900
1067,281342,206,149,175,8,5371450
1068,937262,341,282,209,49,20097858
1069,539542,366,243,210,26,18676980
1070,44238,296,177,116,55,6077472
1071,1252,386,222,153,2,13110876
1072,826196,265,167,224,2,9913120
1073,864141,358,211,285,218,21528330
1074,954945,420,316,138,46,18315360
1075,485450,272,218,153,3,9072288
1076,315826,207,166,142,4,4879404
1077,321638,172,126,101,4,2188872
1078,605605,392,193,237,27,17930472
1079,327359,237,194,103,35,4735734
1080,602875,296,213,249,7,15698952
1081,6949,378,278,175,2,18389700
1082,763185,342,236,123,21,9927576
1083,317537,299,163,125,2,6092125
1084,728913,249,194,318,3,15361308
1085,662301,354,281,248,28,24669552
1086,550222,495,304,171,2490,25732080
1087,940890,286,213,197,7,12000846
1088,780722,282,201,159,2,9012438
1089,455102,360,263,165,5,15622200
1090,337889,362,257,263,30,24467942
1091,476467,300,256,94,33,7219200
1092,356600,308,216,325,4,21621600
1093,315557,305,198,181,2,10930590
1094,974304,202,116,96,2,2249472
1095,883671,408,239,238,2,23207856
1096,304462,270,225,205,2,12453750
1097,250875,355,191,237,51,16069785
1098,463389,323,253,201,39,16425519
1099,70390,409,152,152,23,9449536
1100,707689,273,182,259,4,12868674
1101,253490,314,250,189,2,14836500
1102,567376,428,395,123,21,20794380
1103,247940,466,297,90,2,12456180
1104,365340,286,226,113,2,7303868
1105,433027,403,265,266,2,28407470
1106,508041,354,251,107,9,9507378
1107,317623,300,239,260,49,18642000
1108,216464,341,160,72,18,3928320
1109,742729,230,189,112,3,4868640
1110,510736,228,162,244,49,9012384
1111,806395,399,305,192,3,23365440
1112,317267,217,167,87,3,3152793
1113,650199,469,306,198,4,28415772
1114,888900,191,125,152,2,3629000
1115,223777,409,229,258,373,24164538
1116,859909,350,246,254,2,21869400
1117,800820,434,271,158,11,18583012
1118,5569,391,241,139,2,13098109
1119,594124,436,307,133,138,17802316
1120,628861,328,174,194,29,11071968
1121,429802,411,287,136,2,16042152
1122,258090,259,169,244,18,10680124
1123,667375,234,164,232,74,8903232
1124,45002,301,213,117,91,7501221
1125,771954,406,207,223,113,18741366
1126,661614,301,176,215,2,11389840
1127,934648,187,149,145,4,4040135
1128,679574,295,215,112,163,7103600
1129,498870,291,257,158,250,11816346
1130,211791,227,134,121,70,3680578
1131,202846,506,424,153,8,32825232
1132,661450,332,258,131,744,11220936
1133,666997,415,307,229,2490,29175745
1134,677775,371,195,135,56,9766575
1135,24071,386,266,132,262,13553232
1136,582531,427,248,275,3,29121400
1137,912259,307,165,101,2,5116155
1138,894647,248,184,126,2,5749632
1139,172312,382,297,106,5,12026124
1140,257218,241,185,175,12,7802375
1141,214879,413,333,299,12,41121171
1142,363714,657,464,209,2,63713232
1143,426650,363,322,153,331,17883558
1144,331868,306,186,121,33,6886836
1145,901791,183,116,138,2,2929464
1146,862129,311,210,223,73,14564130
1147,553020,306,181,202,9,11187972
1148,645753,338,249,176,87,14812512
1149,928818,316,205,279,2,18073620
1150,417170,223,131,224,16,6543712
1151,57108,214,130,356,88,9903920
1152,480721,382,264,389,2,39229872
1153,111195,396,253,233,19,23343804
1154,889513,613,433,190,7,50431510
1155,36668,445,310,91,6,12553450
1156,285205,333,235,428,3,33493140
1157,341396,240,185,177,28,7858800
1158,564037,413,334,205,26,28278110
1159,130560,508,353,121,4,21698204
1160,366824,563,428,251,2,60481964
1161,147979,627,199,185,2,23083005
1162,149849,423,284,224,191,26909568
1163,748589,280,165,253,3,11688600
1164,51745,362,304,272,2,29933056
1165,370608,297,236,189,42,13247388
1166,91865,395,279,248,2,27330840
1167,898860,379,234,158,40,14012388
1168,212890,284,164,154,2,7172704
1169,23624,269,185,176,10,8758640
1170,23321,617,411,317,53,80387079
1171,403704,302,215,135,51,8765550
1172,809006,477,303,159,28,22980429
1173,922744,199,153,115,2,3501405
1174,174293,454,385,95,2,16605050
1175,927982,265,177,140,2,6566700
1176,783415,224,121,253,2,6857312
1177,186717,431,222,159,110,15213438
1178,936766,388,259,287,2,28841204
1179,380975,302,186,164,2,9212208
1180,183868,302,244,199,2,14663912
1181,659792,277,194,143,148,7684534
1182,95257,194,158,92,2,2819984
1183,588579,433,249,201,17,21671217
1184,210176,255,193,111,158,5462865
1185,190471,196,145,78,3,2216760
1186,914032,250,177,149,100,6593250
1187,472930,308,182,84,29,4708704
1188,836860,254,163,221,1101,9149842
1189,743091,511,251,221,3,28345681
1190,518862,372,233,148,7,12828048
1191,917806,241,169,78,2,3176862
1192,475774,384,195,364,273,27256320
1193,917559,311,179,152,2,8461688
1194,635605,194,137,82,9,2179396
1195,139789,275,154,106,44,4489100
1196,389593,309,235,120,2,8713800
1197,815131,252,195,116,2,5700240
1198,73686,269,206,228,4,12634392
1199,67661,432,349,514,2,77494752
1200,568535,356,219,160,49,12474240
1201,245121,259,201,127,3,6611493
1202,672108,415,273,201,136,22772295
1203,367257,413,267,87,7,9593577
1204,266765,225,174,198,12,7751700
1205,146106,358,200,120,9,8592000
1206,258930,370,188,239,2,16624840
1207,922630,219,170,144,5,5361120
1208,660482,452,300,162,5,21967200
1209,804462,295,237,176,2,12305040
1210,869270,253,203,147,97,7549773
1211,871149,315,238,171,59,12819870
1212,448874,471,323,233,525,35446989
1213,562926,413,270,182,2,20294820
1214,853499,484,253,118,3,14449336
1215,118033,336,241,167,18,13522992
1216,630265,445,302,216,567,29028240
1217,613157,481,323,255,73,39617565
1218,629474,347,278,129,2,12444114
1219,821106,270,234,292,112,18448560
1220,166926,498,284,96,8,13577472
1221,570559,405,319,185,1040,23901075
1222,860120,269,169,130,2,5909930
1223,431734,196,132,254,2,6571488
1224,373220,300,227,177,7,12053700
1225,665627,403,324,226,2,29509272
1226,221897,335,221,136,3,10068760
1227,1062,360,221,211,2,16787160
1228,247736,213,153,153,16,4986117
1229,574736,267,163,123,8,5353083
1230,95462,472,409,137,115,26447576
1231,399445,540,389,354,2,74361240
1232,450009,291,189,247,2,13584753
1233,770173,214,118,199,2,5025148
1234,572203,252,138,67,15,2329992
1235,266776,369,268,134,6,13251528
1236,628880,202,149,276,2,8307048
1237,658956,226,191,171,12,7381386
1238,371923,343,235,177,19,14267085
1239,399384,358,276,161,3,15908088
1240,632387,333,225,248,3,18581400
1241,531849,403,381,76,3,11669268
1242,467010,245,170,254,2,10579100
1243,606440,415,249,110,158,11366850
1244,649324,253,199,252,2,12687444
1245,386193,273,188,126,10,6466824
1246,26734,333,211,150,51,10539450
1247,923875,187,85,121,2,1923295
1248,26069,325,217,174,7,12271350
1249,735265,405,340,314,13,43237800
1250,537198,563,355,158,79,31578670
1251,335623,431,250,126,93,13576500
1252,470951,543,257,312,2,43539912
1253,81264,284,186,167,19,8821608
1254,23275,274,173,131,2,6209662
1255,596562,394,276,127,15,13810488
1256,474665,337,227,245,2,18742255
1257,362920,316,216,149,2,10170144
1258,191076,271,222,121,5,7279602
1259,194053,358,276,194,5,19168752
1260,709913,205,131,216,2,5800680
1261,572735,351,263,211,15,19478043
1262,952033,284,212,109,12,6562672
1263,912826,279,209,160,23,9329760
1264,599991,316,151,173,2,8254868
1265,862522,345,238,117,11,9606870
1266,803692,412,362,159,2,23713896
1267,112581,431,241,123,311,12776133
1268,265956,432,269,147,189,17082576
1269,421240,293,218,146,8,9325604
1270,714016,455,313,179,2,25492285
1271,902580,378,309,190,2,22192380
1272,944789,280,183,135,2,6917400
1273,116421,303,220,99,2,6599340
1274,525893,310,245,147,27,11164650
1275,464374,319,195,191,2,11881155
1276,72303,265,159,159,15,6699465
1277,158211,299,229,320,2,21910720
1278,994653,245,225,170,3,9371250
1279,187210,359,304,125,30,13642000
1280,786237,343,229,176,30,13824272
1281,862557,317,229,91,34,6605963
1282,144990,466,389,111,2,20121414
1283,158518,400,252,161,349,16228800
1284,124040,285,178,159,2,8066070
1285,668406,321,243,172,2,13416516
1286,523138,519,314,284,7,46282344
1287,418034,395,322,266,25,33832540
1288,756254,389,242,173,6,16285874
1289,790756,215,190,134,42,5473900
1290,862755,448,395,232,2,41054720
1291,795543,332,214,190,134,13499120
1292,955614,343,281,174,4,16770642
1293,540677,301,212,84,2,5360208
1294,646465,402,259,190,173,19782420
1295,303571,374,192,272,2,19531776
1296,997083,342,255,195,13,17005950
1297,684106,278,104,343,40,9916816
1298,122883,170,112,61,66,1161440
1299,743246,231,190,114,264,5003460
1300,762501,333,177,214,2,12613374
1301,917621,278,279,224,2,17373888
1302,387952,318,254,88,47,7107936
1303,112221,299,155,288,2,13347360
1304,799666,284,215,423,8,25828380
1305,260669,439,329,283,2,40873973
1306,759224,204,170,222,6,7698960
1307,839873,285,157,193,2,8635785
1308,525134,255,170,252,3,10924200
1309,535242,321,269,79,41,6821571
1310,341383,188,142,277,4,7394792
1311,244761,391,247,167,4,16128359
1312,832946,236,186,224,2,9832704
1313,874668,337,218,100,2,7346600
1314,884011,307,218,586,3,39218636
1315,137541,635,305,365,3,70691375
1316,947609,164,122,153,2,3061224
1317,828533,247,187,147,2,6789783
1318,64323,181,114,146,10,3012564
1319,616210,296,231,112,2,7658112
1320,189139,417,281,212,18,24841524
1321,180448,390,245,211,23,20161050
1322,700947,599,448,175,2,46961600
1323,954480,292,214,396,10,24745248
1324,235659,417,263,176,20,19302096
1325,389678,149,123,109,2,1997643
1326,854016,305,249,244,3,18530580
1327,104537,478,177,257,38,21743742
1328,864909,329,233,182,2,13951574
1329,241983,282,202,81,24,4614084
1330,566821,300,169,426,2,21598200
1331,788260,430,214,198,29,18219960
1332,1917,458,249,133,17,15167586
1333,282762,338,267,168,2,15161328
1334,556542,467,324,104,97,15736032
1335,786275,324,199,117,31,7543692
1336,367436,449,261,160,41,18750240
1337,509930,356,147,453,37,23706396
1338,571650,437,347,124,32,18803236
1339,282272,438,311,198,2,26971164
1340,385925,296,140,568,25,23537920
1341,766641,320,209,147,120,9831360
1342,714743,378,311,180,248,21160440
1343,589833,467,334,182,2,28387996
1344,82180,389,327,203,13,25822209
1345,612246,507,334,294,5,49785372
1346,403081,297,179,225,2,11961675
1347,919723,344,229,94,19,7404944
1348,301953,343,266,106,56,9671228
1349,378892,267,224,85,24,5083680
1350,5287,320,245,207,3,16228800
1351,257665,379,228,152,58,13134624
1352,951891,272,202,121,2,6648224
1353,8512,336,240,229,10,18466560
1354,656702,313,226,119,2,8417822
1355,456292,207,143,352,25,10419552
1356,108872,189,100,169,4,3194100
1357,936720,215,205,112,11,4936400
1358,772042,288,209,140,5,8426880
1359,93070,261,164,244,12,10444176
1360,604055,281,195,105,22,5753475
1361,622117,465,298,193,12,26744010
1362,944118,255,156,224,4,8910720
1363,429474,421,261,347,8,38128707
1364,42078,175,128,234,51,5241600
1365,368432,325,244,193,2,15304900
1366,607812,213,177,111,43,4184811
1367,227645,239,194,141,12,6537606
1368,536507,369,219,96,2,7757856
1369,786667,368,284,293,2490,30622016
1370,305073,352,221,317,4,24660064
1371,127309,660,367,284,11,68790480
1372,329588,206,132,244,12,6634848
1373,663927,306,202,133,2,8220996
1374,888266,256,178,176,2,8019968
1375,464008,383,260,264,15,26289120
1376,720801,310,168,97,101,5051760
1377,346699,189,131,244,3,6041196
1378,335842,268,122,90,2,2942640
1379,386594,398,310,337,2,41579060
1380,772608,307,293,117,32,10524267
1381,660775,305,259,178,384,14061110
1382,691519,518,231,141,3,16871778
1383,43925,391,244,137,2,13070348
1384,137023,192,175,119,9,3998400
1385,87388,435,288,201,16,25181280
1386,532295,278,229,138,44,8785356
1387,257802,244,116,123,37,3481392
1388,435048,190,130,98,35,2420600
1389,58596,335,199,233,8,15532945
1390,907533,424,342,220,4,31901760
1391,948027,244,196,141,9,6743184
1392,351005,204,146,150,66,4467600
1393,779554,278,213,149,106,8822886
1394,873172,378,293,180,5,19935720
1395,539812,337,328,210,2,23212560
1396,522244,399,326,93,188,12096882
1397,412498,211,150,149,59,4715850
1398,679290,398,250,308,2,30646000
1399,917581,270,206,285,14,15851700
1400,499097,329,220,210,2,15199800
1401,649789,252,163,110,3,4518360
1402,807043,367,239,87,7,7631031
1403,148056,457,300,129,40,17685900
1404,14060,536,425,162,3,36903600
1405,738345,351,205,176,441,12664080
1406,477272,428,327,176,2,24632256
1407,518545,269,158,131,7,5567762
1408,829735,300,138,374,2,15483600
1409,190279,270,150,125,3,5062500
1410,730406,459,290,348,5,46322280
1411,684647,379,310,188,60,22088120
1412,39711,567,296,202,6,33902064
1413,143026,216,172,93,117,3455136
1414,335484,356,226,140,2,11263840
1415,465317,334,244,169,40,13772824
1416,989024,475,259,285,2,35062125
1417,218134,527,390,210,5,43161300
1418,102974,425,247,413,3,43354675
1419,149646,355,249,175,2,15469125
1420,402400,347,218,165,2,12481590
1421,150168,218,108,255,304,6003720
1422,592016,321,198,165,2,10487070
1423,689376,309,214,202,8,13357452
1424,535534,385,245,92,2,8677900
1425,438774,383,202,258,2,19960428
1426,511937,469,300,194,2,27295800
1427,411597,321,196,174,4,10947384
1428,914228,286,187,204,2,10910328
1429,953959,200,106,240,8,5088000
1430,92263,393,360,182,6,25749360
1431,921522,272,203,152,3,8392832
1432,535590,251,226,93,5,5275518
1433,853938,338,291,168,2,16524144
1434,565445,388,276,230,2,24630240
1435,579205,291,180,265,5,13880700
1436,223810,265,228,91,4,5498220
1437,96646,342,249,167,5,14221386
1438,345266,378,257,149,3,14474754
1439,810951,268,204,131,2,7162032
1440,490025,335,232,158,37,12279760
1441,480703,275,193,181,3,9606575
1442,974323,188,155,171,2,4982940
1443,343054,440,385,135,2,22869000
1444,906862,328,195,161,53,10297560
1445,857756,356,266,199,7,18844504
1446,267552,233,145,104,9,3513640
1447,59379,275,210,214,131,12358500
1448,25053,368,293,262,33,28249888
1449,402662,306,197,203,2,12237246
1450,656282,358,141,197,8,9944166
1451,98723,278,265,158,3,11639860
1452,575644,575,199,125,2,14303125
1453,272933,343,198,129,5,8760906
1454,884152,346,231,167,2,13347642
1455,853088,361,211,181,2,13786951
1456,830460,377,278,165,3,17292990
1457,850916,496,419,227,134,47176048
1458,32154,187,137,112,37,2869328
1459,213942,385,317,112,2,13669040
1460,264480,199,133,123,30,3255441
1461,365821,356,259,181,7,16688924
1462,854211,283,201,223,47,12684909
1463,281173,328,187,167,10,10243112
1464,845633,396,245,203,2,19695060
1465,32265,438,332,103,4,14977848
1466,365060,276,140,112,2,4327680
1467,243322,351,268,145,2,13639860
1468,174944,319,206,105,2,6899970
1469,570485,283,187,75,2,3969075
1470,912165,498,263,110,2,14407140
1471,448396,413,336,140,887,19427520
1472,154782,378,230,226,2,19648440
1473,684846,622,425,111,2,29342850
1474,71907,387,231,181,7,16180857
1475,915308,399,248,121,3,11973192
1476,202967,519,285,148,2,21891420
1477,850867,267,235,124,53,7780380
1478,302775,556,415,464,46,107063360
1479,391182,322,221,393,2,27966666
1480,756892,518,285,213,5,31445190
1481,282247,340,186,125,2,7905000
1482,64772,303,208,268,2,16890432
1483,126108,203,105,190,38,4049850
1484,14382,531,335,281,34,49985685
1485,84291,232,163,198,102,7487568
1486,363339,313,190,97,7,5768590
1487,659116,249,213,133,2,7053921
1488,282753,355,223,220,4,17416300
1489,147550,380,301,173,5,19787740
1490,232050,310,185,171,43,9806850
1491,432882,253,228,254,57,14651736
1492,337827,308,206,80,9,5075840
1493,492313,585,337,116,2,22868820
1494,386858,239,214,120,2,6137520
1495,654618,247,155,151,9,5781035
1496,595603,196,184,158,2,5698112
1497,864266,456,338,145,4,22348560
1498,388349,280,187,160,20,8377600
1499,14153,171,151,184,2,4751064
1500,600613,366,313,315,9,36085770
1501,240773,358,212,218,2,16545328
1502,930503,235,151,145,86,5145325
1503,55318,301,215,190,64,12295850
1504,394030,203,111,163,2,3672879
1505,377177,266,175,165,9,7680750
1506,76077,363,346,210,2,26375580
1507,876906,210,129,93,2,2519370
1508,133515,395,231,195,3,17792775
1509,993497,481,174,177,2,14813838
1510,206988,392,274,279,30,29966832
1511,859751,320,240,253,2,19430400
1512,125885,223,126,147,2,4130406
1513,896209,432,256,210,10,23224320
1514,541656,503,334,149,107,25032298
1515,670688,455,245,350,5,39016250
1516,188014,319,350,133,10,14849450
1517,91751,304,209,237,2,15058032
1518,230203,344,213,195,3,14288040
1519,813738,449,251,204,2,22990596
1520,695275,574,483,160,4,44358720
1521,823651,288,190,137,23,7496640
1522,211951,379,250,229,45,21697750
1523,505155,385,283,198,26,21573090
1524,195716,629,348,399,2,87337908
1525,584567,550,355,249,3,48617250
1526,315172,288,172,124,2,6142464
1527,890695,313,226,160,2,11318080
1528,126,211,163,204,17,7016172
1529,838761,352,213,323,37,24217248
1530,27632,364,245,141,2,12574380
1531,500315,520,329,135,4,23095800
1532,720670,269,179,159,7,7656009
1533,109945,396,199,207,2,16312428
1534,317320,470,230,139,2,15025900
1535,250869,400,264,87,29,9187200
1536,741426,376,268,246,2,24788928
1537,498716,299,147,82,2,3604146
1538,175399,428,245,296,18,31038560
1539,462120,507,264,257,40,34398936
1540,134869,476,317,177,2,26707884
1541,178954,234,167,120,2,4689360
1542,669078,288,203,106,2,6197184
1543,34560,355,193,196,4,13428940
1544,863021,385,276,77,18,8182020
1545,284260,399,242,145,27,14000910
1546,953748,289,212,188,6,11518384
1547,132717,341,258,171,16,15044238
1548,178595,457,382,331,63,57783994
1549,648373,619,330,227,2,46369290
1550,379862,493,385,251,12,47641055
1551,805688,437,281,202,2,24804994
1552,494592,355,257,214,22,19524290
1553,100158,272,216,78,19,4582656
1554,708533,234,178,145,2,6039540
1555,168502,346,218,137,2,10333636
1556,432498,215,153,50,2,1644750
1557,906151,387,313,173,417,20955663
1558,980878,206,183,178,3,6710244
1559,330388,284,239,192,10,13032192
1560,667054,326,245,275,46,21964250
1561,318408,265,176,150,2,6996000
1562,468276,309,171,188,31,9933732
1563,57545,228,228,85,17,4418640
1564,511411,437,303,124,2,16418964
1565,825656,212,135,124,56,3548880
1566,884377,292,253,168,19,12411168
1567,13224,405,274,385,4,42723450
1568,40738,223,208,192,9,8905728
1569,942654,257,218,303,57,16975878
1570,850163,293,280,232,20,19033280
1571,180760,279,163,220,2490,10004940
1572,763978,196,130,154,14,3923920
1573,466725,273,176,233,12,11195184
1574,663937,336,254,81,8,6912864
1575,532358,433,324,116,2,16273872
1576,126161,209,139,321,2,9325371
1577,532954,375,217,158,14,12857250
1578,844193,297,205,123,2,7488855
1579,298512,379,278,263,8,27710206
1580,662143,277,167,194,2,8974246
1581,566202,208,191,134,2,5323552
1582,201579,303,198,127,510,7619238
1583,652026,272,191,249,2,12936048
1584,996530,347,185,128,112,8216960
1585,771253,371,252,205,5,19165860
1586,504471,293,237,193,25,13402113
1587,329670,375,197,197,7,14553375
1588,988339,283,223,167,5,10539203
1589,963269,377,289,90,8,9805770
1590,806388,546,200,215,3,23478000
1591,218967,383,292,120,2,13420320
1592,832672,436,349,137,2,20846468
1593,383152,394,258,373,10,37916196
1594,954652,272,173,171,2,8046576
1595,94270,454,343,338,31,52634036
1596,791189,544,382,132,7,27430656
1597,543385,364,235,159,21,13600860
1598,665755,327,215,212,18,14904660
1599,147313,279,165,194,29,8930790
1600,890324,241,170,110,2,4506700
1601,158768,290,232,262,102,17627360
1602,246726,257,177,111,6,5049279
1603,856912,252,190,172,2,8235360
1604,570451,350,265,435,31,40346250
1605,19816,319,244,140,9,10897040
1606,967344,276,202,102,108,5686704
1607,757907,292,241,159,4,11189148
1608,314997,411,291,334,436,39946734
1609,155989,201,167,212,5,7116204
1610,621019,223,162,215,2,7767090
1611,676926,418,256,338,71,36168704
1612,206524,207,147,122,8,3712338
1613,587111,301,202,113,2,6870626
1614,151878,368,272,206,51,20619776
1615,730880,327,178,125,91,7275750
1616,526047,317,222,283,137,19915842
1617,781452,469,373,254,13,44433998
1618,435165,331,220,213,22,15510660
1619,878806,252,173,121,2,5275116
1620,133554,472,254,304,150,36445952
1621,810874,418,325,89,98,12090650
1622,951223,548,428,247,9,57932368
1623,451282,296,197,173,23,10087976
1624,93501,385,295,142,57,16127650
1625,264223,319,226,309,2282,22277046
1626,920221,203,149,305,215,9225335
1627,59676,270,177,279,96,13333410
1628,945456,442,310,203,2,27815060
1629,741804,415,263,119,11,12988255
1630,173532,336,194,330,61,21510720
1631,614685,442,396,187,85,32730984
1632,597135,441,209,267,15,24609123
1633,617895,341,242,139,15,11470558
1634,220178,229,157,112,12,4026736
1635,149521,379,203,211,16,16233707
1636,426752,365,228,263,14,21886860
1637,588365,372,296,124,37,13653888
1638,824690,325,232,153,9,11536200
1639,703662,502,379,148,2,28158184
1640,257009,291,211,135,9,8289135
1641,946369,442,357,208,9,32821152
1642,137717,267,250,141,2,9411750
1643,381915,211,134,178,2,5032772
1644,562288,218,96,220,2,4604160
1645,551025,399,287,222,48,25421886
1646,797917,325,267,196,2,17007900
1647,300709,412,254,283,3,29615384
1648,943026,374,263,213,14,20951106
1649,906046,410,225,214,10,19741500
1650,851587,264,203,152,18,8145984
1651,186240,448,238,287,2,30601088
1652,576775,369,293,203,2,21947751
1653,916380,523,343,252,4,45206028
1654,274486,189,125,163,9,3850875
1655,302950,425,286,180,2,21879000
1656,310914,525,249,282,5,36864450
1657,78623,212,174,178,3,6566064
1658,365321,446,243,137,10,14847786
1659,917458,456,399,150,41,27291600
1660,862061,358,204,240,3,17527680
1661,907425,321,137,327,3,14380479
1662,183675,426,275,365,2,42759750
1663,913376,280,228,116,2,7405440
1664,737334,264,181,198,260,9461232
1665,630235,306,223,263,39,17946594
1666,812831,569,323,327,368,60098349
1667,652465,259,166,154,2,6621076
1668,216454,221,168,129,39,4789512
1669,998748,245,148,207,11,7505820
1670,109575,348,267,107,2,9942012
1671,897336,517,341,131,69,23094907
1672,207606,313,208,323,16,21028592
1673,972610,312,181,358,22,20216976
1674,505815,392,279,165,30,18045720
1675,292822,281,247,113,2,7842991
1676,76218,345,248,278,18,23785680
1677,587518,245,153,161,18,6035085
1678,770044,263,207,167,41,9091647
1679,336199,340,227,272,7,20992960
1680,449589,195,121,255,45,6016725
1681,686840,457,356,254,140,41323768
1682,478446,306,242,132,9,9774864
1683,462052,398,328,146,2,19059424
1684,334402,271,190,166,199,8547340
1685,39986,300,216,131,2,8488800
1686,679520,226,118,187,3,4986916
1687,347739,336,257,167,2,14420784
1688,625646,301,207,177,30,11028339
1689,472327,250,139,255,21,8861250
1690,327073,184,111,128,24,2614272
1691,597794,349,278,155,2,15038410
1692,34911,383,272,95,2,9896720
1693,873559,264,287,119,2,9016392
1694,425037,368,251,157,5,14501776
1695,730399,501,381,325,25,62036325
1696,978039,196,201,142,2,5594232
1697,899885,240,152,206,5,7514880
1698,608746,290,175,147,38,7460250
1699,12175,342,222,160,2,12147840
1700,905667,479,299,243,8,34802703
1701,316915,190,152,102,57,2945760
1702,499876,166,122,80,43,1620160
1703,913589,409,253,136,12,14072872
1704,645588,527,347,166,7,30356254
1705,611213,374,272,239,55,24312992
1706,768734,450,228,165,5,16929000
1707,66358,217,163,210,114,7427910
1708,410543,202,169,175,54,5974150
1709,47057,611,345,228,3,48061260
1710,268294,227,149,125,518,4227875
1711,790857,283,228,186,100,12001464
1712,254726,430,232,248,2,24740480
1713,278176,550,401,158,357,34846900
1714,526486,307,223,151,226,10337611
1715,978004,317,176,92,27,5132864
1716,708754,279,208,169,5,9807408
1717,937583,289,228,182,2,11992344
1718,167292,314,288,90,5,8138880
1719,959378,715,447,236,59,75426780
1720,144931,315,258,196,3,15928920
1721,443676,226,113,197,2,5030986
1722,162491,269,164,237,46,10455492
1723,381009,223,141,156,14,4905108
1724,401921,465,195,50,5,4533750
1725,960384,382,212,179,172,14496136
1726,260910,248,173,167,52,7164968
1727,23236,308,233,256,8,18371584
1728,87955,471,411,133,4,25746273
1729,740874,412,250,168,160,17304000
1730,627433,453,348,84,1017,13242096
1731,670718,301,197,333,14,19745901
1732,230785,307,244,106,14,7940248
1733,94914,510,457,129,138,30066030
1734,889302,289,222,98,10,6287484
1735,207990,245,204,82,3,4098360
1736,378387,268,244,213,2,13928496
1737,538884,276,148,220,11,8986560
1738,951076,382,309,173,92,20420574
1739,996261,200,149,99,22,2950200
1740,656639,344,263,186,8,16827792
1741,194269,357,260,120,70,11138400
1742,897928,333,203,269,14,18184131
1743,392417,423,416,203,31,35721504
1744,980020,304,237,114,2,8213472
1745,138155,325,146,224,2,10628800
1746,120674,349,199,197,59,13681847
1747,906739,343,300,180,2,18522000
1748,781817,451,350,162,20,25571700
1749,764757,400,223,339,10,30238800
1750,935275,302,161,136,9,6612592
1751,947479,361,316,236,2,26921936
1752,963152,228,201,74,6,3391272
1753,256713,318,235,168,3,12554640
1754,441501,299,220,216,12,14208480
1755,543351,307,234,204,383,14654952
1756,67642,362,315,118,2,13455540
1757,90093,304,211,125,2,8018000
1758,507606,349,270,157,832,14794110
1759,217215,608,382,160,33,37160960
1760,955103,321,253,206,10,16729878
1761,707280,518,328,126,2,21407904
1762,683889,342,204,203,3,14162904
1763,35954,605,388,135,19,31689900
1764,27856,257,190,193,21,9424190
1765,526861,343,365,176,7,22034320
1766,995848,256,151,120,1148,4638720
1767,559655,395,324,248,118,31739040
1768,495553,421,216,211,2,19187496
1769,762092,504,336,73,203,12362112
1770,886040,505,422,129,6,27491190
1771,322918,238,200,96,3,4569600
1772,23752,399,224,236,144,21092736
1773,841461,280,183,99,12,5072760
1774,148757,320,142,313,131,14222720
1775,916714,288,271,134,18,10458432
1776,313837,432,271,180,2,21072960
1777,116739,253,176,156,6,6946368
1778,842393,383,260,264,15,26289120
1779,238009,320,188,195,2,11731200
1780,780316,190,118,115,2,2578300
1781,207980,315,209,113,2,7439355
1782,256609,265,190,145,2,7300750
1783,388822,427,331,219,29,30952803
1784,336676,257,176,188,7,8503616
1785,344138,395,291,207,2,23793615
1786,318277,354,240,106,16,9005760
1787,518271,378,183,245,2,16947630
1788,323412,176,138,155,2,3764640
1789,485417,414,287,130,6,15446340
1790,431459,456,317,197,169,28476744
1791,188456,270,119,163,7,5237190
1792,555941,314,251,227,27,17890778
1793,157729,381,215,166,2,13597890
1794,957456,423,251,158,227,16775334
1795,939684,232,184,129,2,5506752
1796,228504,280,182,297,23,15135120
1797,646117,423,407,184,67,31677624
1798,652665,351,239,151,274,12667239
1799,995915,235,138,115,2,3729450
1800,525910,198,169,104,11,3480048
1801,573044,182,120,274,2,5984160
1802,40809,347,207,127,5,9122283
1803,541013,363,272,124,2,12243264
1804,716756,291,192,242,2,13521024
1805,51226,219,185,115,294,4659225
1806,499512,301,203,65,2,3971695
1807,605470,288,160,453,2,20874240
1808,475781,394,248,259,7,25307408
1809,29402,241,202,125,11,6085250
1810,4263,252,199,199,2,9979452
1811,751883,600,327,111,176,21778200
1812,177900,225,196,187,2,8246700
1813,572212,282,181,217,5,11076114
1814,336326,271,258,157,2,10977126
1815,224137,247,144,250,221,8892000
1816,452268,511,368,304,29,57166592
1817,929168,263,245,162,207,10438470
1818,297881,444,363,83,2,13377276
1819,363476,690,430,289,10,85746300
1820,351707,349,146,202,2490,10292708
1821,684733,295,239,173,7,12197365
1822,510585,334,175,193,2,11280850
1823,691757,452,358,162,7,26214192
1824,390719,246,182,268,2,11998896
1825,479361,217,148,204,8,6551664
1826,101371,323,198,196,44,12534984
1827,562997,382,223,226,10,19252036
1828,192192,244,162,226,425,8933328
1829,150322,663,334,223,47,49381566
1830,21172,200,132,169,19,4461600
1831,535843,451,312,161,2,22654632
1832,996121,169,155,99,8,2593305
1833,577564,386,281,186,2,20174676
1834,581780,371,214,156,118,12385464
1835,708362,349,319,276,183,30727356
1836,513319,576,357,225,2,46267200
1837,780298,356,230,189,77,15475320
1838,876031,241,171,170,2,7005870
1839,989859,331,292,196,35,18943792
1840,222320,384,208,284,13,22683648
1841,417978,545,434,145,16,34296850
1842,11046,268,164,374,221,16438048
1843,228071,380,215,203,2,16585100
1844,378165,127,95,276,9,3329940
1845,946273,278,168,166,22,7752864
1846,708662,439,236,329,2,34085716
1847,416366,180,175,252,173,7938000
1848,985751,498,319,110,4,17474820
1849,266997,414,322,280,56,37326240
1850,645188,423,291,218,2,26834274
1851,482615,219,174,153,19,5830218
1852,415008,413,302,144,2,17960544
1853,583417,312,266,130,4,10788960
1854,761379,303,216,98,14,6413904
1855,205550,449,319,191,2,27357121
1856,244883,277,179,163,2,8082029
1857,638418,266,166,153,46,6755868
1858,460514,198,140,203,4,5627160
1859,949491,258,209,132,7,7117704
1860,671210,338,252,192,2,16353792
1861,929616,279,253,186,312,13129182
1862,121789,350,236,164,3,13546400
1863,679418,195,183,107,170,3818295
1864,700780,469,281,271,2,35714819
1865,563178,297,162,179,2,8612406
1866,66017,346,276,139,19,13273944
1867,178376,821,496,170,8,69226720
1868,688281,288,227,209,62,13663584
1869,499137,348,282,155,304,15211080
1870,656884,518,225,238,2,27738900
1871,624712,450,233,146,65,15308100
1872,801480,229,112,134,8,3436832
1873,952615,417,163,153,63,10399563
1874,693264,339,219,154,4,11433114
1875,841344,338,241,120,10,9774960
1876,558296,441,300,290,43,38367000
1877,393276,475,264,117,31,14671800
1878,730026,244,185,213,2,9614820
1879,607847,387,244,88,7,8309664
1880,55337,322,198,191,27,12177396
1881,897048,208,144,204,2,6110208
1882,275494,262,221,353,9,20439406
1883,24354,272,139,111,22,4196688
1884,45186,288,200,343,21,19756800
1885,552433,259,203,153,11,8044281
1886,427236,409,311,168,4,21369432
1887,610411,347,205,128,2,9105280
1888,499883,279,188,254,2,13322808
1889,730546,319,234,144,11,10749024
1890,740829,350,190,201,4,13366500
1891,544869,608,472,91,39,26114816
1892,613217,299,200,237,2,14172600
1893,285195,306,231,189,14,13359654
1894,575762,254,184,154,134,7197344
1895,616036,504,396,180,31,35925120
1896,125995,403,340,149,41,20415980
1897,245690,429,326,274,17,38319996
1898,331770,274,223,210,16,12831420
1899,793392,366,247,102,16,9221004
1900,428988,300,146,171,34,7489800
1901,939024,415,302,184,2,23060720
1902,180553,473,344,165,25,26847480
1903,560696,657,374,227,122,55777986
1904,880438,296,222,193,2,12682416
1905,259568,220,144,238,2,7539840
1906,319278,281,192,130,117,7013760
1907,151563,387,290,328,61,36811440
1908,656701,293,206,206,5,12433748
1909,699983,205,128,125,2,3280000
1910,614615,224,222,128,3,6365184
1911,393554,311,205,214,42,13643570
1912,202503,207,190,132,14,5191560
1913,143326,323,279,120,569,10814040
1914,707220,296,202,212,2,12675904
1915,11344,234,182,117,14,4982796
1916,394966,261,175,171,281,7810425
1917,972260,321,222,218,18,15535116
1918,592245,344,269,328,5,30351808
1919,105423,261,127,212,272,7027164
1920,320197,278,97,117,2,3155022
1921,464071,355,312,189,2,20933640
1922,671256,443,275,139,74,16933675
1923,186833,421,242,369,3,37594458
1924,717912,389,289,90,2,10117890
1925,775435,391,246,186,2,17890596
1926,77454,252,160,274,37,11047680
1927,257594,317,263,253,3,21092863
1928,511897,217,142,135,2,4159890
1929,352744,301,146,335,221,14721910
1930,909164,206,119,90,9,2206260
1931,516142,400,273,235,3,25662000
1932,945439,241,164,150,22,5928600
1933,37641,412,270,349,43,38822760
1934,553999,277,207,241,6,13818699
1935,856774,465,314,124,2,18105240
1936,369040,441,365,187,28,30100455
1937,667542,380,360,96,4,13132800
1938,612121,430,239,352,2,36175040
1939,318420,264,195,117,2,6023160
1940,281685,410,265,188,19,20426200
1941,880889,448,373,190,2,31749760
1942,475526,358,277,249,2,24692334
1943,44813,162,142,186,258,4278744
1944,692558,496,292,359,21,51994688
1945,664180,221,187,155,7,6405685
1946,286214,266,196,247,8,12877592
1947,987272,353,196,151,58,10447388
1948,928626,256,222,52,2,2955264
1949,342703,294,132,208,2,8072064
1950,204615,309,247,106,14,8090238
1951,476657,318,201,304,8,19431072
1952,566074,215,157,123,9,4151865
1953,750294,438,315,118,43,16280460
1954,755164,338,228,62,15,4777968
1955,399953,339,218,388,25,28673976
1956,822494,453,266,131,16,15785238
1957,971741,282,187,160,2,8437440
1958,838003,312,200,260,2,16224000
1959,287654,399,240,186,2,17811360
1960,281570,422,289,140,2,17074120
1961,37265,261,197,218,2,11208906
1962,935354,390,264,165,2,16988400
1963,249321,345,211,154,16,11210430
1964,66150,240,173,207,2,8594640
1965,611600,229,218,164,6,8187208
1966,89613,177,119,109,8,2295867
1967,337054,201,163,233,2,7633779
1968,838807,360,277,170,87,16952400
1969,121826,334,232,140,30,10848320
1970,559723,270,229,201,36,12427830
1971,882875,379,322,188,2,22943144
1972,450348,420,307,168,8,21661920
1973,210017,197,163,116,2,3724876
1974,999554,536,319,188,5,32144992
1975,134055,282,222,181,2,11331324
1976,490457,303,238,134,2,9663276
1977,676022,231,212,73,17,3574956
1978,809942,287,201,219,3,12633453
1979,733547,212,161,134,23,4573688
1980,696358,182,190,74,9,2558920
1981,450062,170,130,121,32,2674100
1982,94071,333,231,125,6,9615375
1983,793072,383,293,202,13,22668238
1984,306691,235,148,148,2,5147440
1985,841052,356,202,227,427,16324024
1986,146389,373,235,90,13,7888950
1987,639896,299,160,140,2,6697600
1988,269708,369,254,96,173,8997696
1989,682705,336,228,328,105,25127424
1990,638112,157,103,145,2,2344795
1991,254444,434,288,99,2,12374208
1992,603561,359,307,201,27,22152813
1993,861291,342,183,146,114,9137556
1994,211837,216,146,140,33,4415040
1995,110017,221,106,125,7,2928250
1996,991542,369,316,137,2,15974748
1997,123618,429,327,246,6,34509618
1998,969897,652,454,97,140,28712776
1999,459297,502,187,120,24,11264880
2000,125341,511,342,97,10,16951914
2001,815862,261,208,199,88,10803312
2002,730892,263,171,117,44,5261841
2003,552076,428,294,200,416,25166400
2004,750865,201,154,90,36,2785860
2005,441759,169,114,163,2,3140358
2006,931423,492,372,269,13,49233456
2007,855778,298,243,85,43,6155190
2008,882554,330,158,195,2,10167300
2009,564262,390,295,315,2,36240750
2010,893741,367,268,81,2,7966836
2011,540659,327,235,96,48,7377120
2012,831516,281,264,172,11,12759648
2013,422845,382,234,197,16,17609436
2014,706544,381,207,69,203,5441823
2015,324060,343,150,156,2,8026200
2016,598260,243,234,183,18,10405746
2017,193259,366,241,240,2,21169440
2018,275128,196,140,241,2,6613040
2019,819471,404,349,91,4,12830636
2020,609719,411,212,169,13,14725308
2021,870123,435,286,227,90,28241070
2022,845038,299,186,235,25,13069290
2023,403832,312,208,165,5,10707840
2024,889097,398,243,330,36,31915620
2025,629661,309,220,161,163,10944780
2026,181144,348,318,85,3,9406440
2027,811006,264,156,298,7,12272832
2028,920934,267,188,109,4,5471364
2029,250195,336,217,150,18,10936800
2030,143748,280,160,117,2,5241600
2031,404032,288,201,216,2,12503808
2032,32733,467,339,303,2,47968839
2033,741040,163,151,243,2,5980959
2034,526338,385,268,264,2,27239520
2035,109996,403,270,229,10,24917490
2036,558221,239,153,196,2,7167132
2037,549239,288,154,317,399,14059584
2038,556701,189,125,224,3,5292000
2039,165873,282,177,152,8,7586928
2040,710979,292,206,245,21,14737240
2041,950417,299,213,202,9,12864774
2042,899005,267,187,120,11,5991480
2043,433816,564,344,229,2,44429664
2044,713135,415,363,214,10,32238030
2045,221888,305,195,71,9,4222725
2046,785332,319,229,196,3,14317996
2047,745453,210,165,176,2,6098400
2048,767950,336,248,173,2,14415744
2049,166472,319,210,133,15,8909670
2050,397710,532,361,145,40,27847540
2051,211760,401,375,116,2,17443500
2052,122744,607,463,125,13,35130125
2053,875863,320,270,150,2,12960000
2054,730051,236,178,85,402,3570680
2055,501946,377,273,188,2,19349148
2056,43001,343,259,236,2,20965532
2057,591652,401,233,359,2,33542447
2058,911420,343,231,109,3,8636397
2059,831460,320,296,204,9,19322880
2060,238506,565,437,279,2,68886495
2061,753019,352,235,117,2,9678240
2062,430789,719,403,187,224,54184559
2063,656166,312,202,100,2,6302400
2064,910775,341,236,186,2,14968536
2065,711998,329,239,169,2,13288639
2066,652589,204,170,209,10,7248120
2067,912727,262,213,157,2,8761542
2068,499722,349,204,250,10,17799000
2069,685117,382,344,268,2,35217344
2070,558924,253,199,139,2,6998233
2071,735457,235,182,221,23,9452170
2072,179352,290,217,93,58,5852490
2073,810694,333,266,120,4,10629360
2074,866867,512,483,172,3,42534912
2075,193283,392,292,196,66,22434944
2076,972346,428,312,264,15,35253504
2077,915015,290,248,170,399,12226400
2078,450195,271,216,205,38,11999880
2079,769884,394,243,135,2,12925170
2080,998974,319,178,180,2,10220760
2081,431413,253,224,290,2,16434880
2082,303988,511,276,255,71,35964180
2083,326898,336,196,215,30,14159040
2084,951661,379,255,132,4,12757140
2085,863561,420,252,171,2,18098640
2086,302186,478,294,191,34,26841612
2087,61665,305,258,173,2,13613370
2088,246584,352,251,262,23,23148224
2089,116953,319,238,217,139,16475074
2090,476072,344,258,289,50,25649328
2091,682736,364,278,239,17,24184888
2092,186626,317,209,247,2,16364491
2093,145271,440,309,138,1191,18762480
2094,118533,427,329,74,2,10395742
2095,998916,351,188,217,2,14319396
2096,968452,412,226,215,2,20019080
2097,598069,261,199,122,2,6336558
2098,465966,333,220,117,6,8571420
2099,66262,217,167,166,30,6015674
2100,833032,376,303,173,5,19709544
2101,76898,502,266,208,2,27774656
2102,455699,201,138,190,7,5270220
2103,149369,246,215,186,2,9837540
2104,554736,244,169,179,30,7381244
2105,288316,309,234,161,231,11641266
2106,960378,239,218,140,3,7294280
2107,7657,413,211,155,41,13507165
2108,477602,316,259,317,15,25944548
2109,780977,325,205,513,43,34178625
2110,942929,269,162,147,2,6405966
2111,944189,326,183,85,2,5070930
2112,374999,409,278,351,9,39909402
2113,942082,301,247,124,2,9219028
2114,684191,176,125,68,2,1496000
2115,7906,243,188,280,2490,12791520
2116,323557,468,401,236,3,44289648
2117,578316,250,205,90,7,4612500
2118,793719,360,297,236,7,25233120
2119,295804,314,238,196,16,14647472
2120,468974,415,314,284,2,37008040
2121,846936,264,169,129,2,5755464
2122,715080,516,310,135,2,21594600
2123,627267,395,248,125,2,12245000
2124,34701,189,128,207,2,5007744
2125,83300,351,155,232,4,12621960
2126,765537,272,186,115,2,5818080
2127,673034,405,355,196,22,28179900
2128,83560,393,318,242,3,30243708
2129,242615,251,115,117,83,3377205
2130,941378,279,169,199,2,9383049
2131,43642,267,236,194,2,12224328
2132,517083,250,232,326,15,18908000
2133,491036,237,204,303,18,14649444
2134,327304,546,332,311,3,56375592
2135,804034,329,146,221,3,10615514
2136,365464,258,179,111,9,5126202
2137,613089,320,239,127,2,9712960
2138,288075,213,165,174,3,6115230
2139,94377,292,217,115,2,7286860
2140,815624,325,177,103,2,5925075
2141,832974,460,302,206,5,28617520
2142,913447,496,368,169,5,30847232
2143,828952,344,294,105,15,10619280
2144,326916,404,372,140,11,21040320
2145,451978,418,335,287,24,40188610
2146,312250,414,288,130,2,15500160
2147,605409,333,216,123,173,8847144
2148,25559,240,199,107,2,5110320
2149,892027,368,176,233,66,15090944
2150,558030,615,414,208,18,52958880
2151,856101,346,288,113,2,11260224
2152,997703,393,285,135,43,15120675
2153,677114,304,216,172,11,11294208
2154,135044,339,236,191,7,15280764
2155,857263,337,280,188,10,17739680
2156,112217,324,244,158,282,12490848
2157,566161,467,331,137,9,21177049
2158,892964,477,401,165,2,31560705
2159,912699,354,268,94,3,8917968
2160,403119,214,125,173,16,4627750
2161,658380,366,206,237,2,17868852
2162,828187,272,159,365,11,15785520
2163,872388,264,153,384,4,15510528
2164,86988,349,250,159,24,13872750
2165,569936,353,278,91,2,8930194
2166,125991,243,219,157,5,8355069
2167,402732,374,180,186,9,12521520
2168,506079,419,295,120,6,14832600
2169,901437,353,184,262,2,17017424
2170,526684,454,289,101,1343,13251806
2171,84082,531,354,140,4,26316360
2172,936633,396,309,189,281,23126796
2173,128322,257,173,212,2,9425732
2174,656951,300,138,151,2,6251400
2175,11303,231,141,133,18,4331943
2176,161633,261,193,456,81,22970088
2177,333863,285,209,181,2,10781265
2178,249690,514,294,432,22,65282112
2179,784108,756,527,231,2,92033172
2180,99616,457,297,237,11,32167773
2181,910597,154,121,83,2,1546622
2182,86231,236,173,167,4,6818276
2183,269458,394,297,134,18,15680412
2184,19623,401,271,162,9,17604702
2185,723035,537,402,270,5,58285980
2186,490042,400,214,160,6,13696000
2187,458298,358,352,79,4,9955264
2188,476840,231,198,117,2,5351346
2189,105228,456,217,255,2,25232760
2190,426346,353,217,250,6,19150250
2191,707116,349,272,130,25,12340640
2192,884056,283,188,351,80,18674604
2193,681652,295,163,238,104,11444230
2194,898217,270,224,124,22,7499520
2195,520547,342,248,191,11,16199856
2196,872638,199,177,218,331,7678614
2197,69274,203,173,165,2,5794635
2198,133541,485,391,263,95,49874005
2199,53947,169,132,85,9,1896180
2200,677894,498,314,266,2,41594952
2201,194692,308,193,325,20,19319300
2202,48874,414,312,84,62,10850112
2203,573996,431,357,184,14,28311528
2204,74553,298,197,198,27,11623788
2205,592632,335,255,288,243,24602400
2206,835570,452,233,188,85,19799408
2207,709662,296,173,266,2,13621328
2208,571926,233,184,236,2,10117792
2209,78249,374,318,234,2,27830088
2210,892297,182,173,115,272,3620890
2211,527007,346,192,192,2,12754944
2212,678250,382,290,166,2,18389480
2213,470452,225,186,130,45,5440500
2214,429725,273,222,186,10,11272716
2215,42534,479,298,214,18,30546788
2216,495518,339,274,150,161,13932900
2217,616529,318,154,102,2,4995144
2218,412003,434,290,178,2,22403080
2219,126209,200,178,186,61,6621600
2220,442061,275,171,217,2,10204425
2221,189004,499,418,217,5,45262294
2222,616412,208,105,138,72,3013920
2223,615947,371,204,119,11,9006396
2224,164134,286,194,126,159,6990984
2225,75713,352,236,305,85,25336960
2226,742623,254,161,129,2,5275326
2227,488972,326,270,121,23,10650420
2228,977965,481,325,97,2,15163525
2229,75418,377,248,236,3,22065056
2230,984176,275,183,139,2,6995175
2231,128232,481,261,144,12,18077904
2232,952336,293,239,177,2,12394779
2233,520551,245,188,87,22,4007220
2234,163038,372,286,305,86,32449560
2235,990049,346,230,70,7,5570600
2236,930491,238,145,413,388,14252630
2237,168383,403,210,135,5,11425050
2238,818007,427,190,218,20,17686340
2239,325996,336,252,153,2,12954816
2240,258722,453,337,158,14,24120438
2241,132079,383,246,242,2,22800756
2242,202053,290,224,229,14,14875840
2243,600530,302,267,179,2,14433486
2244,178589,539,409,275,2,60624025
2245,503238,360,242,131,5,11412720
2246,29257,223,170,169,2,6406790
2247,480488,473,275,376,2,48908200
2248,435423,288,231,103,99,6852384
2249,144353,329,290,133,737,12689530
2250,323390,616,380,164,2,38389120
2251,263579,255,155,182,3,7193550
2252,229947,184,139,247,65,6317272
2253,231758,480,368,173,2,30558720
2254,615645,364,202,206,14,15146768
2255,157732,293,203,121,2,7196959
2256,922588,198,131,88,32,2282544
2257,999701,404,210,145,2,12301800
2258,931011,205,167,318,9,10886730
2259,727955,357,292,171,8,17825724
2260,608095,139,121,159,2,2674221
2261,438755,256,233,163,2,9722624
2262,902385,285,219,215,3,13419225
2263,138563,365,280,172,10,17578400
2264,783066,452,295,127,2,16934180
2265,506047,241,174,174,50,7296516
2266,705552,341,243,159,16,13175217
2267,997899,276,174,107,15,5138568
2268,910229,267,239,162,31,10337706
2269,326032,298,186,214,378,11861592
2270,597897,331,254,257,18,21607018
2271,795509,332,196,131,4,8524432
2272,772800,295,253,181,259,13508935
2273,253973,201,134,195,12,5252130
2274,283097,404,226,204,2,18626016
2275,994423,287,211,132,82,7993524
2276,376826,352,269,184,2,17422592
2277,514257,183,136,231,9,5749128
2278,854321,332,231,309,17,23697828
2279,679181,266,219,385,16,22427790
2280,430783,366,264,197,184,19034928
2281,115374,364,307,150,2,16762200
2282,549148,322,145,161,57,7517090
2283,676555,211,169,202,22,7203118
2284,601763,285,229,128,7,8353920
2285,484090,331,194,235,46,15090290
2286,873698,440,356,124,3,19423360
2287,676787,247,173,163,134,6965153
2288,887164,373,236,64,33,5633792
2289,289227,276,168,273,8,12658464
2290,742406,237,200,203,42,9622200
2291,843804,258,177,141,2,6438906
2292,648074,382,213,152,76,12367632
2293,961568,231,166,105,13,4026330
2294,532101,537,351,133,7,25068771
2295,31598,354,202,277,92,19807716
2296,505934,332,282,185,3,17320440
2297,782239,337,207,242,15,16881678
2298,617394,624,408,254,2,64666368
2299,289226,389,281,146,2,15959114
2300,815673,228,157,278,2,9951288
2301,227286,300,186,249,70,13894200
2302,437785,240,202,88,22,4266240
2303,11745,462,325,167,26,25075050
2304,812461,235,185,110,385,4782250
2305,144097,177,126,180,10,4014360
2306,232732,701,369,193,53,49923117
2307,909827,362,321,77,8,8947554
2308,669648,608,343,220,142,45879680
2309,613474,494,290,148,17,21202480
2310,924044,436,270,218,8,25662960
2311,884200,388,232,350,6,31505600
2312,213030,566,371,187,2,39267382
2313,724238,305,220,117,25,7850700
2314,566134,328,252,131,18,10827936
2315,338076,333,286,141,25,13428558
2316,148554,262,182,263,2,12540892
2317,285555,343,284,223,5,21722876
2318,444191,293,295,125,14,10804375
2319,453761,350,194,254,59,17246600
2320,505518,465,265,113,3,13924425
2321,340941,318,193,284,2,17430216
2322,314451,309,234,383,2,27693198
2323,920597,399,288,192,47,22063104
2324,994762,290,158,159,5,7285380
2325,284186,321,155,202,2,10050510
2326,577218,415,347,377,27,54289885
2327,772944,303,224,98,18,6651456
2328,437629,279,196,107,57,5851188
2329,768747,459,251,233,2,26843697
2330,224695,377,236,197,2,17527484
2331,884315,251,194,72,2,3505968
2332,295900,154,92,125,9,1771000
2333,53268,368,225,136,49,11260800
2334,432430,223,149,104,37,3455608
2335,212943,523,218,107,11,12199498
2336,783204,399,291,136,88,15790824
2337,421818,185,146,138,2,3727380
2338,708691,529,320,127,4,21498560
2339,573189,283,169,253,32,12100231
2340,362130,277,200,204,35,11301600
2341,194488,313,185,121,2,7006505
2342,687556,224,222,99,36,4923072
2343,390530,373,273,122,4,12423138
2344,792058,305,277,176,2,14869360
2345,662784,258,176,135,723,6130080
2346,799289,313,271,199,46,16879777
2347,241531,276,260,135,26,9687600
2348,246693,328,190,201,2,12526320
2349,937486,232,191,113,2,5007256
2350,994465,337,287,106,48,10252214
2351,919484,253,170,152,5,6537520
2352,703650,302,205,183,215,11329530
2353,550719,377,328,148,2,18301088
2354,871408,283,211,191,5,11405183
2355,238360,167,107,68,5,1215092
2356,344855,280,169,126,378,5962320
2357,507403,227,162,193,2,7097382
2358,26385,389,326,150,2,19022100
2359,431374,668,416,207,2,57522816
2360,416235,340,231,199,2,15629460
2361,280783,318,203,197,39,12717138
2362,85530,284,211,226,2,13542824
2363,755271,262,197,322,2,16619708
2364,283707,206,127,310,7,8110220
2365,956845,233,185,156,96,6724380
2366,377816,439,254,126,15,14049756
2367,923280,241,193,93,13,4325709
2368,429660,351,221,116,62,8998236
2369,986420,278,175,196,2,9535400
2370,401927,415,239,212,2,21027220
2371,729678,326,252,170,17,13965840
2372,345114,394,279,105,2,11542230
2373,243373,321,256,187,7,15366912
2374,347697,219,148,225,3,7292700
2375,161779,488,368,88,461,15803392
2376,170182,308,197,111,2,6735036
2377,717148,530,228,312,3,37702080
2378,607167,234,146,199,7,6798636
2379,956331,252,159,167,236,6691356
2380,238260,697,392,235,2,64207640
2381,923159,292,236,191,291,13162192
2382,831291,215,170,116,7,4239800
2383,971129,249,153,158,3,6019326
2384,838530,234,190,165,7,7335900
2385,670611,323,247,118,2,9414158
2386,646701,322,238,200,2,15327200
2387,786958,357,235,265,2,22232175
2388,330904,392,312,184,4,22503936
2389,47837,354,282,120,6,11979360
2390,518349,318,153,156,2,7590024
2391,784838,384,279,141,15,15106176
2392,797968,335,163,302,2,16490710
2393,552829,335,207,424,15,29402280
2394,79083,234,118,155,8,4279860
2395,968531,432,281,169,2,20515248
2396,558819,465,342,174,7,27671220
2397,270856,232,159,192,7,7082496
2398,366245,370,258,137,3,13078020
2399,851887,413,252,270,19,28100520
2400,599032,228,201,98,2,4491144
2401,777147,474,277,251,106,32955798
2402,654037,267,232,278,2,17220432
2403,791541,426,244,302,2,31391088
2404,835700,253,241,107,193,6524111
2405,756097,358,222,180,168,14305680
2406,841047,284,171,111,7,5390604
2407,606791,329,225,134,10,9919350
2408,254346,336,237,64,2,5096448
2409,947263,524,273,178,10,25463256
2410,609996,440,227,130,181,12984400
2411,715472,302,193,211,7,12298346
2412,626759,355,320,93,30,10564800
2413,778513,360,224,342,2,27578880
2414,157661,298,207,145,6,8944470
2415,685375,531,347,238,3,43853166
2416,160081,224,139,187,5,5822432
2417,869741,402,304,164,9,20042112
2418,388590,338,302,271,5,27662596
2419,717406,142,109,156,2,2414568
2420,893093,327,240,88,8,6906240
2421,681503,355,224,182,4,14472640
2422,6154,477,348,268,3,44486928
2423,677164,379,242,151,6,13849418
2424,959192,341,289,265,65,26115485
2425,64288,315,202,559,2,35569170
2426,51195,433,238,312,10,32152848
2427,282725,373,222,179,2,14822274
2428,445864,568,355,210,10,42344400
2429,292231,439,277,150,3,18240450
2430,705290,472,360,288,2,48936960
2431,164053,382,277,146,14,15448844
2432,593586,351,185,220,2,14285700
2433,832599,220,156,198,8,6795360
2434,730664,310,188,238,6,13870640
2435,436624,257,208,78,2,4169568
2436,39499,238,145,117,7,4037670
2437,387960,246,178,306,587,13399128
2438,445485,360,237,305,2,26022600
2439,693919,309,111,206,82,7065594
2440,245198,316,193,143,141,8721284
2441,467535,431,266,157,930,17999422
2442,767285,409,281,226,2,25973954
2443,620635,257,142,172,2,6276968
2444,310931,227,171,103,2,3998151
2445,297632,377,195,229,14,16834935
2446,336585,419,384,135,3,21720960
2447,730023,363,216,100,3,7840800
2448,22431,247,168,100,48,4149600
2449,323825,245,184,129,311,5815320
2450,194555,277,209,151,80,8741843
2451,647008,455,251,176,3,20100080
2452,573441,592,350,192,5,39782400
2453,268512,173,129,166,1515,3704622
2454,944928,371,254,217,52,20448778
2455,898792,325,244,163,6,12925900
2456,176076,415,314,303,156,39483930
2457,219724,203,133,102,17,2753898
2458,899187,484,416,198,16,39866112
2459,581273,394,235,245,2,22684550
2460,836501,386,249,214,213,20568396
2461,314470,235,247,175,6,10157875
2462,633025,253,202,113,120,5774978
2463,736421,288,112,132,2,4257792
2464,678758,208,169,76,8,2671552
2465,753753,379,267,242,2,24488706
2466,50861,270,175,164,2,7749000
2467,338041,289,177,238,2,12174414
2468,212977,241,173,214,2,8922302
2469,651406,362,229,246,2,20392908
2470,855009,339,217,262,2,19273506
2471,721001,269,187,315,54,15845445
2472,9078,296,180,235,2,12520800
2473,942507,239,213,196,11,9977772
2474,324912,343,193,124,732,8208676
2475,575335,697,506,100,2490,35268200
2476,858058,259,195,302,13,15252510
2477,844092,258,223,72,2,4142448
2478,759746,327,233,132,2,10057212
2479,967290,244,182,123,2,5462184
2480,395141,434,251,157,2,17102638
2481,215048,250,162,174,21,7047000
2482,760581,347,224,160,2,12436480
2483,642120,208,132,262,6,7193472
2484,916838,320,240,100,333,7680000
2485,649438,427,320,205,6,28011200
2486,157087,564,440,100,28,24816000
2487,33320,279,174,81,22,3932226
2488,327025,409,269,178,2,19583738
2489,615115,328,233,130,31,9935120
2490,513287,629,349,163,18,35781923
2491,364359,284,196,177,9,9852528
2492,943793,222,177,155,10,6090570
2493,259931,344,195,173,2,11604840
2494,920893,274,181,105,73,5207370
2495,943187,385,288,288,10,31933440
2496,406845,271,168,282,2,12838896
2497,847982,306,207,86,2,5447412
2498,549114,363,205,262,66,19496730
2499,100734,412,213,333,83,29222748
